,,,,,,,,,,,,,,,,,,,,,,,,,,,,,,,,,,,,,,,,,,,,,,,,,,,,,,,,,,,,,,,,,,,,,,,,,,,,,,,,,
,,,,,,,"Area 1",,,,,,,,,,,,,,"Area 2",,,,,,,,,,,"Area 3",,,,,,,,,"Area 4",,,,,,,,,,,,,,,,,,"Area 5",,,,,,,,,,,,,,,,,,,,,,
,,,,,,,1A,,1B,,1C,,1D,,,,,1E,,,2A,2B,2C,2D,2E,2F,2G,2H,,,,3A,,3B,,3C,,3D,,,4A,,,,,,,4B,,,4C,4D,,,,,,,5A,,,,5B,,,,,,,,5C,,,,,5D,,,,,
,,,,,,,,,,,,,1Di,,1Dii,,,,,,,,,,,,,,,,,,,,,,,,,,4Ai,,4Aii,,4Aiii,,,4Bi,4Bii,,,,,,,,,,5Ai,5Aii,5Aiii,,5Bi,5Bii,5Biii,5Biv,5Bv,5Bvi,5Bvii,,5Ci,5Cii,5Ciii,5Civ,,5Di,5Dii,5Diii,,,
,Year,ISO_Code,Countries," Economic Freedom Summary Index",Rank,Quartile,"Government consumption",data,"Transfers and subsidies",data,"Government investment",data,"Top marginal income tax rate",data,"Top marginal income and payroll tax rate",data,"Top marginal tax rate","State ownership of Assets","Size of Government","Area 1 Rank","Judicial independence","Impartial courts","Protection of property rights","Military interference in rule of law and politics","Integrity of the legal system","Legal enforcement of contracts","Regulatory restrictions on the sale of real property","Reliability of police","Gender Legal Rights Adjustment","Legal Sys & Prop. Rights (Adj.)","Area 2 Rank","Money growth",data,"Standard deviation of inflation",data,"Inflation: Most recent year",data,"Freedom to own foreign currency bank accounts","Sound Money","Area 3 Rank","Revenue from trade taxes (% of trade sector)",data,"Mean tariff rate",data,"Standard deviation of tariff rates",data,Tariffs,"Non-tariff trade barriers","Compliance costs of importing and exporting","Regulatory trade barriers","Black market exchange rates","Financial openness","Capital controls","Freedom of foreigners to visit","Protection of foreign assets","Controls of the movement of capital and people","Freedom to trade internationally","Area 4 Rank","Ownership of banks","Private sector credit","Interest rate controls/negative real interest rates)","Credit market regulations","Hiring regulations and minimum wage","Hiring and firing regulations","Centralized collective bargaining","Hours Regulations","Mandated cost of worker dismissal",Conscription,"Foreign Labor","Labor market regulations","Regulatory Burden","Bureacracy costs","Impartial Public Administration","Tax compliance","Business regulations","Market openness","Business Permits","Distorton of the business environment","Freedom to enter markets and compete",Regulation,"Area 5 Rank"
,2022,AGO,Angola,4.79,155,4,7.94,12.99,9.70,1.59,7.74,22.90,9.00,25.00,7.00,33.00,8.00,4.13,7.50,36,3.81,2.93,3.39,4.17,3.69,1.15,5.52,2.30,0.88,3.17,145,7.52,12.41,6.01,9.97,1.46,21.36,5.00,5.00,147,9.39,0.91,7.80,11.00,3.71,15.73,6.97,3.60,2.51,3.06,0.00,2.50,1.54,0.00,3.38,1.85,2.97,164,5.00,10.00,9.00,8.00,6.25,4.57,6.97,4.00,6.63,0.00,3.56,4.57,2.94,5.33,4.86,4.64,4.44,3.43,7.92,1.25,4.20,5.30,140
,2022,ALB,Albania,7.48,38,1,8.28,11.84,7.13,11.02,7.55,23.59,9.00,23.00,7.00,34.00,8.00,8.08,7.81,24,4.61,4.68,4.42,8.33,5.75,3.65,6.72,5.30,1.00,5.43,66,9.48,2.58,8.23,4.42,7.31,6.73,10.00,8.76,28,9.65,0.53,9.28,3.60,8.08,4.79,9.00,8.40,9.41,8.90,10.00,4.02,4.62,9.27,6.90,6.20,8.53,34,10.00,7.59,9.00,8.86,6.53,5.65,5.58,8.00,6.30,10.00,7.76,7.12,5.65,6.22,6.06,3.59,5.38,6.81,5.62,6.25,6.23,6.90,55
,2022,ARE,"United Arab Emirates",7.39,45,2,5.45,21.47,8.90,4.55,0.00,54.45,10.00,0.00,10.00,16.00,10.00,4.55,5.78,134,5.93,6.81,7.63,8.33,6.25,5.87,9.91,9.30,0.88,7.06,29,9.39,3.04,5.86,10.35,8.07,4.83,10.00,8.33,55,9.71,0.44,9.06,4.70,7.54,6.16,8.77,7.31,8.33,7.82,10.00,10.00,5.38,7.87,7.55,7.70,8.57,30,5.00,6.44,8.00,6.48,8.75,8.75,7.38,6.00,10.00,0.00,7.41,6.90,7.03,7.11,7.15,9.35,7.66,8.05,10.00,5.00,7.68,7.18,42
,2022,ARG,Argentina,4.55,159,4,6.17,19.03,5.54,16.88,8.70,19.54,7.00,35.00,1.00,57.00,4.00,6.69,6.22,111,4.84,4.26,4.79,7.50,4.52,3.38,6.86,5.96,0.88,4.95,85,0.00,53.37,5.18,12.05,0.00,71.43,5.00,2.55,162,4.21,8.68,7.34,13.30,5.85,10.37,5.80,4.23,5.65,4.94,2.17,2.66,0.00,8.83,4.37,3.97,4.22,155,5.00,6.07,0.00,3.69,3.88,1.66,3.19,10.00,2.52,10.00,7.09,5.48,2.71,5.11,7.55,4.50,4.97,6.14,5.73,3.38,5.08,4.80,148
,2022,ARM,Armenia,7.49,36,1,7.06,16.00,7.88,8.27,8.98,18.58,9.00,21.00,7.00,31.00,8.00,8.11,8.01,20,4.56,4.68,5.45,5.00,5.64,4.29,9.82,7.08,1.00,5.81,56,8.54,7.30,8.79,3.01,6.54,8.64,10.00,8.47,46,9.56,0.66,8.74,6.30,8.21,4.47,8.84,4.09,9.32,6.71,10.00,7.94,5.38,8.73,5.05,6.78,8.08,56,10.00,9.06,10.00,9.69,5.83,7.13,7.25,10.00,9.25,0.00,6.02,6.50,5.17,4.67,6.41,6.02,5.57,5.59,9.30,5.00,6.63,7.10,45
,2022,AUS,Australia,7.98,9,1,2.61,31.14,6.31,14.03,9.46,16.89,5.00,45.00,4.00,47.00,4.50,7.84,6.14,117,8.47,8.06,9.22,10.00,8.98,7.84,8.14,7.96,1.00,8.58,9,8.70,6.49,9.13,2.18,7.36,6.59,10.00,8.80,23,8.93,1.61,9.52,2.40,9.05,2.38,9.17,7.78,8.43,8.10,10.00,10.00,4.62,0.11,6.63,5.34,8.15,52,10.00,8.60,10.00,9.53,6.95,7.17,6.08,10.00,7.93,10.00,3.33,7.35,3.98,7.33,9.69,8.16,7.29,9.36,8.95,7.97,8.76,8.23,6
,2022,AUT,Austria,7.62,23,1,3.33,28.68,2.98,26.26,10.00,13.40,4.00,55.00,3.00,59.00,3.50,6.38,5.24,147,7.87,7.68,9.31,10.00,9.00,7.16,8.10,9.30,1.00,8.55,10,7.77,11.13,9.39,1.53,6.58,8.55,10.00,8.44,49,9.67,0.49,8.98,5.10,6.84,7.91,8.50,7.08,9.98,8.53,10.00,10.00,3.08,9.16,8.45,7.67,8.67,26,8.00,8.72,10.00,8.91,8.20,8.75,2.49,6.00,10.00,3.00,4.75,6.17,4.47,6.89,7.21,6.77,6.33,7.94,7.30,6.96,7.40,7.20,40
,2022,AZE,Azerbaijan,5.80,128,4,5.85,20.11,7.72,8.85,0.00,57.60,9.00,25.00,4.00,44.00,6.50,3.14,4.64,159,4.11,2.98,4.65,5.00,4.14,6.13,7.61,7.55,0.82,4.81,91,7.61,11.97,2.92,17.70,4.46,13.85,10.00,6.25,127,8.73,1.91,8.36,8.20,5.83,10.41,7.64,5.82,8.20,7.01,10.00,4.81,4.62,2.59,4.36,4.09,7.19,85,5.00,10.00,5.00,6.67,6.67,6.75,8.18,6.00,8.50,1.00,7.50,6.37,7.21,6.67,2.67,5.80,5.59,4.74,9.02,3.75,5.84,6.12,107
,2022,BDI,Burundi,5.22,149,4,3.09,29.50,9.97,0.61,8.64,19.76,8.00,30.00,5.00,38.00,6.50,4.20,6.48,88,3.81,2.54,3.71,,2.57,1.40,8.55,3.94,0.82,3.45,138,5.32,23.41,6.57,8.57,2.48,18.80,10.00,6.09,130,5.07,7.40,7.28,13.60,4.72,13.19,5.69,4.77,1.14,2.96,3.50,1.25,1.54,10.00,3.19,4.00,4.04,158,5.00,8.69,7.00,6.90,8.75,6.38,7.45,8.00,7.76,10.00,5.13,7.64,4.91,3.11,3.19,4.95,4.04,4.30,9.76,2.50,5.52,6.02,115
,2022,BEL,Belgium,7.42,42,1,2.37,31.95,1.82,30.51,10.00,11.44,2.00,50-55,0.00,66-69,1.00,8.01,4.64,160,7.73,7.31,8.93,10.00,8.25,6.86,4.90,7.55,1.00,7.69,20,7.72,11.38,9.23,1.92,6.16,9.60,10.00,8.28,56,9.67,0.49,8.98,5.10,6.84,7.91,8.50,7.82,9.98,8.90,10.00,10.00,3.85,9.16,8.93,7.98,8.85,16,8.00,8.63,9.00,8.54,6.95,7.50,5.85,6.00,10.00,10.00,6.81,7.59,3.50,7.56,9.26,6.74,6.76,8.07,7.46,7.50,7.68,7.64,20
,2022,BEN,Benin,6.26,97,3,7.60,14.15,9.77,1.34,9.04,18.37,5.00,40.00,2.00,54.00,3.50,8.17,7.62,30,5.32,3.78,3.87,,6.18,1.02,6.61,4.92,0.88,4.26,119,8.81,5.94,9.05,2.37,9.46,1.35,0.00,6.83,109,5.84,6.24,7.60,12.00,7.07,7.32,6.84,3.82,5.16,4.49,10.00,1.46,0.77,5.71,3.86,2.95,6.07,130,10.00,6.63,10.00,8.88,6.38,6.28,7.60,8.00,7.57,1.00,5.66,6.07,4.54,4.22,7.54,4.74,5.26,4.29,9.48,3.75,5.84,6.51,88
,2022,BFA,"Burkina Faso",5.90,121,3,4.79,23.70,8.63,5.53,6.98,25.56,9.00,25.00,4.00,42.00,6.50,8.45,7.07,59,4.84,3.16,4.54,3.33,6.35,2.32,4.82,3.51,0.82,3.75,130,8.76,6.18,8.57,3.57,4.28,14.29,0.00,5.41,142,7.49,3.77,7.60,12.00,7.07,7.32,7.39,6.47,3.60,5.03,10.00,3.31,0.77,7.33,5.00,4.10,6.63,110,10.00,5.38,10.00,8.46,5.83,6.47,6.87,6.00,7.94,10.00,5.79,6.99,3.77,4.22,6.86,4.74,4.90,6.03,8.93,3.75,6.24,6.65,77
,2022,BGD,Bangladesh,5.85,127,4,9.52,7.62,9.23,3.31,7.57,23.50,9.00,25.00,9.00,25.00,9.00,6.33,8.33,14,3.49,2.96,4.00,4.17,3.62,0.47,2.67,3.34,0.76,2.73,152,9.21,3.96,9.74,0.65,6.92,7.70,0.00,6.47,119,7.85,3.23,7.18,14.10,6.11,9.73,7.05,5.32,0.00,2.66,10.00,3.31,0.00,7.65,5.25,4.05,5.94,134,5.00,10.00,10.00,8.33,8.75,4.43,6.28,10.00,1.37,10.00,3.79,6.37,3.88,2.89,1.81,3.81,3.10,5.67,6.45,3.75,5.29,5.77,128
,2022,BGR,Bulgaria,7.16,52,2,4.71,23.98,5.85,15.72,9.15,17.98,10.00,10.00,7.00,35.00,8.50,7.06,7.05,60,5.77,4.74,5.39,8.33,5.89,3.79,8.72,4.88,1.00,5.94,51,8.41,7.93,7.94,5.15,3.87,15.33,10.00,7.56,86,9.67,0.49,8.98,5.10,6.84,7.91,8.50,6.46,9.85,8.16,10.00,7.83,4.62,9.16,6.40,7.00,8.41,41,10.00,8.66,5.00,7.89,5.28,7.13,7.18,6.00,9.25,10.00,5.11,7.14,4.52,5.78,6.26,3.78,5.08,6.06,9.33,6.25,7.21,6.83,60
,2022,BHR,Bahrain,7.51,34,1,3.40,28.45,9.43,2.58,10.00,11.19,10.00,0.00,10.00,17.00,10.00,4.02,7.37,41,5.38,4.54,7.67,5.00,5.21,4.89,9.40,8.23,0.65,5.18,75,9.94,0.29,7.62,5.95,8.55,3.63,10.00,9.03,12,9.68,0.48,9.10,4.50,8.56,3.60,9.11,7.16,6.67,6.91,10.00,8.75,6.15,7.11,7.48,7.37,8.35,45,10.00,5.92,10.00,8.64,6.67,6.01,8.06,8.00,7.03,10.00,6.01,7.40,6.06,8.00,2.76,9.87,6.67,8.05,9.76,5.69,7.83,7.64,21
,2022,BHS,"Bahamas, The",6.65,81,2,6.81,16.84,8.47,6.13,10.00,6.12,10.00,0.00,10.00,9.00,10.00,,8.82,3,6.07,6.61,4.00,10.00,6.67,3.55,3.82,2.50,1.00,5.40,68,8.96,5.21,7.60,6.01,7.76,5.61,0.00,6.08,131,6.70,4.95,3.50,32.50,1.55,21.13,3.92,0.00,8.11,4.05,10.00,2.50,0.77,10.00,5.00,4.57,5.63,145,10.00,5.79,10.00,8.60,8.20,5.77,,8.00,6.55,10.00,5.00,7.25,,5.56,,6.63,6.09,8.00,7.98,6.25,7.41,7.34,30
,2022,BIH,"Bosnia and Herzegovina",6.22,102,3,5.39,21.67,5.96,15.34,9.66,16.20,10.00,10.00,3.00,47.00,6.50,6.49,6.80,73,4.17,3.13,4.36,,5.48,3.15,7.66,6.00,0.88,4.57,101,8.85,5.76,8.23,4.42,4.40,14.01,0.00,5.37,144,10.00,0.00,8.76,6.20,5.93,10.17,8.23,4.34,9.59,6.97,10.00,3.31,3.08,9.59,6.08,5.52,7.68,66,10.00,10.00,7.00,9.00,5.28,6.25,7.08,10.00,7.51,10.00,4.37,7.21,1.84,4.44,5.02,3.95,3.81,6.19,7.95,6.25,6.80,6.70,70
,2022,BLR,Belarus,5.98,112,3,4.70,24.03,5.85,15.74,10.00,12.22,10.00,13.00,5.00,36.00,7.50,3.34,6.28,107,3.34,3.22,0.00,5.00,3.27,3.49,9.91,7.50,0.88,4.20,120,8.14,9.29,9.18,2.04,3.92,15.21,10.00,7.81,80,8.87,1.69,8.68,6.60,6.91,7.72,8.15,2.50,9.70,6.10,10.00,2.73,0.77,2.80,0.00,1.58,6.46,117,2.00,9.43,9.00,6.81,7.50,6.38,,10.00,7.76,1.00,3.88,6.08,,0.00,2.21,5.99,2.73,5.56,8.34,1.25,5.05,5.17,143
,2022,BLZ,Belize,6.00,109,3,5.60,20.96,8.43,6.26,1.89,43.39,9.00,25.00,,,9.00,,6.23,108,4.49,4.01,4.87,,,1.66,7.29,2.87,0.88,3.95,123,8.97,5.16,8.24,4.41,7.49,6.28,0.00,6.17,129,7.47,3.79,7.62,11.90,4.15,14.64,6.41,4.45,6.09,5.27,10.00,3.31,0.00,10.00,5.00,4.58,6.57,114,10.00,9.39,10.00,9.80,6.38,5.77,,8.00,6.55,10.00,4.42,6.85,3.72,4.67,,7.93,5.44,5.15,8.60,5.00,6.25,7.08,47
,2022,BOL,Bolivia,6.11,106,3,5.23,22.22,8.84,4.77,0.00,65.70,10.00,13.00,10.00,13.00,10.00,5.67,5.95,124,3.31,2.56,2.99,4.17,4.25,3.50,6.75,3.86,1.00,3.92,126,9.55,2.27,8.78,3.05,9.30,1.75,10.00,9.41,4,9.24,1.14,7.66,11.70,6.07,9.83,7.66,4.98,3.05,4.01,10.00,3.48,4.62,5.93,2.50,4.13,6.45,118,8.00,4.78,10.00,7.59,1.80,1.25,5.01,8.00,,3.00,4.73,3.96,1.85,2.89,6.13,0.00,2.72,3.96,7.08,3.75,4.93,4.80,149
,2022,BRA,Brazil,6.56,85,3,5.23,22.23,5.41,17.33,10.00,11.08,8.00,28.00,2.00,52.00,5.00,7.49,6.63,81,5.21,4.78,6.19,5.83,5.13,3.05,8.24,3.18,1.00,5.20,74,7.73,11.36,8.67,3.33,6.29,9.28,10.00,8.17,60,8.99,1.51,7.78,11.10,6.00,9.99,7.59,4.52,7.87,6.19,10.00,4.56,2.31,10.00,6.35,5.81,7.40,75,5.00,7.59,7.00,6.53,3.62,6.06,5.48,6.00,7.13,1.00,4.70,4.85,1.14,6.00,5.70,1.25,3.52,7.36,5.40,7.50,6.75,5.41,137
,2022,BRB,Barbados,6.81,75,2,7.77,13.58,6.65,12.81,10.00,14.19,8.00,29.00,3.00,47.00,5.50,6.70,7.32,46,7.31,5.91,6.68,,7.67,2.30,7.58,5.70,0.88,5.80,58,8.87,5.64,9.68,0.79,7.98,5.04,5.00,7.88,76,8.01,2.99,7.22,13.90,1.60,20.99,5.61,5.78,6.16,5.97,10.00,4.02,0.00,10.00,7.50,5.38,6.74,105,8.00,1.22,10.00,6.41,6.95,4.53,6.37,8.00,5.68,10.00,4.27,6.54,3.26,6.44,7.13,6.15,5.75,5.48,5.00,8.75,6.41,6.28,94
,2022,BRN,"Brunei Darussalam",6.99,61,2,0.00,46.39,,,10.00,3.08,10.00,0.00,10.00,7.00,10.00,,6.67,79,5.63,4.87,5.27,8.33,7.50,4.59,4.80,8.24,0.71,5.25,72,9.51,2.46,4.34,14.14,8.53,3.68,10.00,8.09,64,,,9.96,0.20,9.33,1.67,9.65,6.30,2.34,4.32,10.00,8.93,6.15,4.53,6.32,6.48,7.61,68,,8.05,5.00,6.52,8.75,7.50,7.82,10.00,10.00,10.00,4.25,8.33,3.89,8.22,,9.71,7.27,6.83,9.56,5.00,7.13,7.31,33
,2022,BTN,Bhutan,6.24,98,3,3.78,27.16,9.46,2.47,6.04,28.86,7.00,33.00,8.00,26.00,7.50,5.25,6.41,96,6.39,5.94,5.77,,7.40,6.18,6.90,8.98,1.00,6.80,34,8.29,8.53,0.00,2.48,7.74,5.64,0.00,4.01,157,9.20,1.20,8.04,9.80,6.51,8.72,7.92,5.18,9.50,7.34,10.00,3.77,0.00,0.22,4.47,2.12,6.84,102,5.00,8.90,9.00,7.63,7.50,7.50,,10.00,10.00,10.00,5.00,8.33,2.54,4.44,7.50,7.21,5.42,6.77,8.47,6.25,7.16,7.14,43
,2022,BWA,Botswana,6.67,80,2,0.07,39.75,8.28,6.83,7.82,22.64,9.00,25.00,9.00,25.00,9.00,6.87,6.41,95,6.78,5.55,5.76,8.33,6.77,3.47,7.81,5.09,0.88,5.83,54,9.27,3.64,7.69,5.78,5.33,11.67,10.00,8.07,67,4.89,7.67,8.48,7.60,5.71,10.72,6.36,3.06,9.40,6.23,10.00,6.94,5.38,10.00,3.20,6.38,7.24,82,8.00,9.97,7.00,8.32,5.00,1.89,5.76,10.00,3.78,10.00,1.94,5.48,4.15,5.56,7.49,4.33,5.38,2.74,9.26,0.00,4.00,5.80,127
,2022,CAF,"Central African Republic",4.92,153,4,9.44,7.89,9.58,2.04,2.65,40.73,5.00,40.00,2.00,52.00,3.50,8.08,6.65,80,4.14,1.91,1.52,,3.31,0.25,4.97,0.00,0.76,2.03,162,7.33,13.36,8.97,2.59,7.77,5.58,0.00,6.02,132,6.57,5.15,6.38,18.10,6.16,9.59,6.37,2.50,2.28,2.39,10.00,1.21,1.54,1.72,2.50,1.74,5.13,151,5.00,8.33,10.00,7.78,1.25,6.00,,6.00,7.01,0.00,2.50,3.79,,0.44,2.26,3.54,2.08,5.08,7.31,3.75,5.38,4.76,150
,2022,CAN,Canada,7.99,8,1,3.56,27.89,6.87,11.98,9.57,16.51,5.00,45-54,5.00,45-54,5.00,7.19,6.44,93,7.85,8.00,8.86,10.00,8.43,6.38,8.68,8.18,1.00,8.30,13,8.29,8.54,8.64,3.39,7.28,6.80,10.00,8.55,40,9.77,0.34,9.24,3.80,2.69,18.28,7.23,7.97,9.89,8.93,10.00,10.00,7.69,5.60,8.51,7.95,8.53,33,10.00,9.67,10.00,9.89,6.95,7.89,7.24,8.00,8.27,10.00,6.43,7.83,4.83,6.67,8.51,6.77,6.69,8.81,6.85,8.75,8.14,8.14,9
,2022,CHE,Switzerland,8.43,3,1,6.35,18.41,5.52,16.95,10.00,11.52,8.00,26-43,6.00,35-50,7.00,9.12,7.60,31,8.54,8.84,9.52,10.00,8.70,6.67,9.60,9.52,1.00,8.92,4,9.78,1.08,9.55,1.13,8.86,2.84,10.00,9.55,2,9.91,0.13,8.88,5.60,0.00,27.78,6.26,6.86,9.91,8.39,10.00,10.00,3.08,9.16,8.88,7.78,8.11,54,8.00,9.85,10.00,9.28,8.75,8.75,7.90,6.00,10.00,0.00,5.37,6.68,6.32,7.56,9.77,8.40,8.01,8.02,8.37,7.50,7.96,7.98,10
,2022,CHL,Chile,7.45,39,1,6.35,18.40,5.32,17.69,10.00,8.95,6.00,36.00,6.00,36.00,6.00,8.32,7.20,52,7.56,6.92,8.05,7.50,7.42,6.08,9.10,7.10,0.82,6.81,33,8.37,8.14,8.73,3.17,5.34,11.64,10.00,8.11,62,9.79,0.31,8.80,6.00,9.86,0.36,9.48,8.50,6.83,7.67,10.00,8.50,2.31,9.27,8.25,7.08,8.56,31,8.00,5.44,7.00,6.81,5.99,3.20,8.30,10.00,2.52,0.00,7.16,5.31,4.02,6.89,7.47,5.84,6.06,8.53,7.74,8.21,8.16,6.58,81
,2022,CHN,China,6.14,104,3,2.89,30.19,8.29,6.76,3.87,36.46,5.00,45.00,5.00,45.00,5.00,3.67,4.74,157,4.20,3.76,5.48,4.17,3.97,4.83,8.32,5.95,0.88,4.79,92,9.36,3.19,9.42,1.46,9.21,1.97,5.00,8.25,57,9.58,0.63,8.50,7.50,7.48,6.30,8.52,5.40,8.64,7.02,10.00,3.31,0.00,1.94,5.90,2.79,7.08,92,2.00,9.40,10.00,7.13,8.20,3.76,6.05,10.00,2.52,0.00,4.84,5.05,5.63,3.56,3.70,5.92,4.70,5.21,9.11,4.90,6.40,5.82,124
,2022,CIV,"CÃ´te d'Ivoire",5.89,122,3,7.65,13.98,9.66,1.73,4.47,34.35,3.00,47.00,1.00,58.00,2.00,7.06,6.17,114,4.74,4.16,4.96,5.00,5.00,4.49,6.93,4.52,0.88,4.68,97,8.65,6.75,9.50,1.25,7.89,5.28,0.00,6.51,118,5.30,7.05,7.76,11.20,7.27,6.83,6.78,5.11,1.83,3.47,10.00,3.31,0.77,2.59,5.00,2.92,5.79,139,10.00,7.05,5.00,7.35,5.28,6.28,7.36,8.00,7.57,3.00,5.39,6.13,4.04,4.67,5.68,6.45,5.21,6.55,8.25,5.00,6.60,6.32,93
,2022,CMR,Cameroon,5.61,135,4,7.97,12.90,9.34,2.92,7.71,23.02,5.00,39.00,4.00,43.00,4.50,6.84,7.27,49,3.90,3.68,4.53,4.17,3.74,2.33,3.97,3.78,0.47,2.77,151,9.02,4.90,9.27,1.82,7.50,6.25,0.00,6.45,120,7.11,4.34,6.38,18.10,6.16,9.59,6.55,5.16,0.00,2.58,10.00,3.31,1.54,0.75,5.35,2.74,5.47,148,5.00,8.21,10.00,7.74,6.12,6.00,6.63,8.00,7.01,10.00,5.31,7.01,4.23,3.56,1.68,4.00,3.37,6.07,8.83,3.75,6.22,6.08,110
,2022,COD,"Congo, Dem. Rep.",5.02,152,4,8.55,10.92,9.82,1.17,2.04,42.87,5.00,40.00,2.00,51.00,3.50,6.01,5.98,122,3.58,1.67,3.00,4.17,3.02,0.49,5.96,1.57,0.76,2.59,154,6.66,16.72,5.87,10.32,6.29,9.27,5.00,5.95,134,9.11,1.34,7.82,10.90,7.38,6.54,8.10,3.80,0.00,1.90,10.00,3.31,0.77,1.62,4.11,2.45,5.61,146,0.00,9.13,8.00,5.71,3.33,7.50,6.33,8.00,10.00,3.00,3.60,5.97,3.20,0.00,2.76,3.06,2.25,6.15,8.90,2.50,5.85,4.94,147
,2022,COG,"Congo, Rep.",4.89,154,4,4.74,23.88,8.07,7.57,10.00,6.36,5.00,40.00,2.00,55.00,3.50,3.77,6.02,121,4.31,1.75,4.34,5.00,2.88,2.76,4.51,2.50,0.59,2.78,150,9.73,1.37,3.05,17.36,8.78,3.04,0.00,5.39,143,8.52,2.22,7.62,11.90,7.00,7.50,7.71,5.00,0.00,2.50,10.00,2.75,1.54,1.62,5.00,2.73,5.74,143,0.00,10.00,4.00,4.67,1.80,5.02,,4.00,7.53,10.00,2.50,5.14,3.25,2.67,4.25,2.88,3.26,4.44,8.23,2.50,5.06,4.53,155
,2022,COL,Colombia,6.54,86,3,6.98,16.26,6.91,11.85,6.58,26.97,7.00,39.00,7.00,39.00,7.00,7.62,7.02,62,5.52,4.87,5.07,4.17,5.03,3.74,9.06,3.41,0.94,4.96,84,8.69,6.55,8.01,4.98,5.93,10.18,5.00,6.91,108,9.34,0.99,8.84,5.80,6.22,9.45,8.13,4.88,3.89,4.39,10.00,5.84,1.54,10.00,6.52,5.97,7.12,88,10.00,6.45,10.00,8.82,6.95,4.91,6.67,10.00,4.82,1.00,6.34,5.81,2.80,5.33,6.32,4.82,4.82,7.38,8.75,5.71,7.28,6.68,72
,2022,COM,Comoros,5.56,139,4,9.18,8.79,,,3.05,39.34,8.00,30.00,7.00,34.00,7.50,5.71,6.36,100,4.85,2.62,3.09,,3.42,2.08,6.93,2.50,0.71,3.11,147,8.42,7.91,9.16,2.11,5.93,10.18,0.00,5.88,136,,,6.98,15.10,6.68,8.31,6.83,2.50,6.37,4.43,10.00,1.74,4.17,10.00,2.50,4.60,6.47,116,,7.19,10.00,8.59,3.33,4.16,,6.00,8.32,10.00,0.00,5.30,,2.67,3.15,5.69,3.84,4.72,9.17,5.00,6.30,6.01,117
,2022,CPV,"Cabo Verde",7.37,47,2,5.48,21.37,8.62,5.57,10.00,10.41,8.00,28.00,4.00,44.00,6.00,7.55,7.53,35,6.21,5.88,5.30,,7.42,5.53,8.92,5.28,1.00,6.36,44,9.71,1.46,8.69,3.29,6.83,7.93,10.00,8.81,21,6.77,4.84,7.62,11.90,5.14,12.14,6.51,5.06,6.66,5.86,10.00,7.50,9.23,10.00,5.48,8.05,7.61,69,10.00,4.62,10.00,8.21,4.45,5.03,6.65,8.00,5.07,1.00,5.51,5.10,4.53,6.89,6.52,6.49,6.11,6.14,9.27,5.00,6.80,6.56,82
,2022,CRI,"Costa Rica",7.60,26,1,6.12,19.18,8.53,5.90,9.31,17.41,9.00,25.00,4.00,44.00,6.50,7.46,7.58,32,7.35,6.38,7.06,10.00,6.58,4.26,8.67,4.70,0.94,6.67,40,9.43,2.84,9.10,2.25,6.69,8.27,10.00,8.81,20,8.94,1.59,8.90,5.50,6.39,9.02,8.08,6.23,7.47,6.85,10.00,10.00,6.15,8.94,7.20,8.07,8.25,49,5.00,7.01,10.00,7.34,4.87,5.33,5.91,8.00,5.66,10.00,6.23,6.57,2.78,4.67,9.07,6.65,5.79,6.04,8.67,6.71,7.14,6.71,69
,2022,CYP,Cyprus,7.53,31,1,4.82,23.61,5.52,16.93,10.00,13.05,7.00,35.00,5.00,39.00,6.00,7.89,6.85,72,6.76,6.52,7.06,8.33,7.84,4.50,7.30,6.95,0.94,6.70,38,5.77,21.17,8.92,2.70,6.64,8.40,10.00,7.83,79,9.67,0.49,8.98,5.10,6.84,7.91,8.50,8.40,9.32,8.86,10.00,8.75,6.92,9.16,8.16,8.25,8.90,13,10.00,10.00,10.00,10.00,5.28,7.50,6.29,10.00,10.00,1.00,4.82,6.41,4.45,8.00,7.50,9.33,7.32,6.19,5.00,6.25,5.81,7.39,29
,2022,CZE,Czechia,7.65,22,1,2.86,30.27,4.57,20.42,9.34,17.32,9.00,23.00,5.00,45.00,7.00,8.54,6.46,90,6.89,5.99,8.12,10.00,7.96,4.52,8.17,7.54,1.00,7.40,23,8.96,5.19,9.07,2.34,3.96,15.10,10.00,8.00,71,9.67,0.49,8.98,5.10,6.84,7.91,8.50,8.27,9.98,9.13,10.00,10.00,3.08,9.16,8.97,7.80,8.86,15,10.00,8.85,9.00,9.28,6.95,6.38,7.82,10.00,7.76,10.00,5.12,7.72,2.91,6.22,9.07,5.40,5.90,7.30,6.91,7.50,7.24,7.53,26
,2022,DEU,Germany,7.80,16,1,2.92,30.07,2.40,28.41,10.00,11.77,5.00,47.00,5.00,47.00,5.00,8.56,5.78,135,7.57,8.40,8.59,10.00,8.61,8.03,6.85,7.17,1.00,8.15,14,7.76,11.18,9.38,1.55,7.25,6.87,10.00,8.60,38,9.67,0.49,8.98,5.10,6.84,7.91,8.50,8.28,9.18,8.73,10.00,10.00,3.08,9.16,8.47,7.68,8.73,22,5.00,9.14,10.00,8.05,6.95,5.63,6.01,8.00,6.26,10.00,6.89,7.10,5.69,6.89,9.91,7.53,7.50,8.64,8.86,7.50,8.34,7.75,17
,2022,DJI,Djibouti,6.23,99,3,4.29,25.43,,,8.54,20.11,8.00,30.00,4.00,43.00,6.00,4.68,5.88,129,5.69,2.39,3.41,,4.27,1.58,7.71,5.91,0.65,3.64,132,,,9.40,1.50,7.93,5.18,10.00,9.11,7,,,5.82,20.90,6.66,8.36,6.24,2.50,4.62,3.56,10.00,6.46,3.85,0.11,2.50,3.23,5.76,141,,,9.00,9.00,3.05,7.50,,6.00,10.00,10.00,5.00,6.93,,1.56,5.09,7.07,4.57,6.03,8.53,5.00,6.52,6.75,66
,2022,DNK,Denmark,8.02,6,1,1.91,33.49,4.87,19.34,10.00,14.26,3.00,52.00,2.00,56.00,2.50,7.44,5.34,143,8.57,8.79,9.17,10.00,9.80,7.71,9.73,9.04,1.00,9.10,1,9.41,2.96,8.81,2.99,6.92,7.70,10.00,8.78,26,9.67,0.49,8.98,5.10,6.84,7.91,8.50,7.10,9.98,8.54,10.00,10.00,6.92,9.16,8.73,8.70,8.94,11,10.00,10.00,4.00,8.00,8.75,10.00,5.59,8.00,10.00,3.00,6.00,7.33,4.79,6.89,9.60,8.01,7.32,8.71,9.87,8.75,9.11,7.94,11
,2022,DOM,"Dominican Republic",7.32,49,2,7.42,14.77,9.29,3.09,10.00,9.63,9.00,25.00,7.00,33.00,8.00,8.70,8.68,10,5.27,4.52,5.69,5.00,5.54,3.02,8.26,4.01,1.00,5.16,77,8.53,7.36,8.70,3.26,6.48,8.81,10.00,8.42,50,8.85,1.72,8.48,7.60,5.96,10.11,7.76,6.49,8.88,7.68,10.00,7.85,3.85,10.00,7.02,7.18,8.16,51,5.00,8.75,10.00,7.92,5.28,2.64,6.07,8.00,2.78,10.00,6.46,5.89,3.27,5.33,5.64,4.47,4.68,6.08,7.55,5.00,6.21,6.17,101
,2022,DZA,Algeria,4.46,161,4,3.49,28.13,7.82,8.51,4.00,36.01,7.00,35.00,2.00,53.00,4.50,2.44,4.45,162,4.01,3.02,5.06,3.33,4.76,2.84,6.63,6.13,0.71,3.82,127,8.68,6.59,5.51,11.23,6.29,9.27,5.00,6.37,123,8.48,2.28,6.22,18.90,5.84,10.40,6.85,2.92,0.48,1.70,2.17,1.46,0.77,0.75,4.33,1.83,3.14,161,0.00,6.00,5.00,3.67,4.03,5.82,6.52,6.00,7.76,3.00,3.23,5.19,4.22,3.78,2.61,4.76,3.84,4.64,8.77,2.58,5.33,4.51,156
,2022,ECU,Ecuador,6.14,104,3,6.14,19.14,7.07,11.25,7.51,23.72,6.00,37.00,4.00,49.00,5.00,7.07,6.56,85,4.34,3.46,4.73,2.50,4.70,3.71,8.82,4.26,1.00,4.56,102,8.46,7.69,9.06,2.35,8.61,3.47,0.00,6.53,117,7.69,3.47,7.76,11.20,4.76,13.10,6.74,4.90,5.24,5.07,10.00,7.25,1.54,10.00,3.40,5.55,6.84,103,8.00,10.00,10.00,9.33,4.72,1.57,6.22,6.00,0.65,10.00,6.34,5.07,2.47,4.22,5.92,2.53,3.78,6.48,8.76,4.65,6.63,6.20,98
,2022,EGY,"Egypt, Arab Rep.",5.36,143,4,9.39,8.09,7.07,11.25,0.00,71.30,9.00,25.00,5.00,40.00,7.00,3.54,5.40,141,5.37,3.86,5.95,1.67,4.60,3.05,8.20,5.69,0.41,3.39,141,7.27,13.65,7.34,6.64,4.44,13.90,10.00,7.26,98,8.28,2.58,6.20,19.00,0.00,138.89,4.83,5.38,2.02,3.70,10.00,4.59,4.62,10.00,4.65,5.96,6.12,128,2.00,1.59,10.00,4.53,7.50,2.82,7.84,8.00,0.65,0.00,5.35,4.59,4.03,4.22,1.94,4.62,3.70,4.88,8.10,4.21,5.73,4.64,154
,2022,ESP,Spain,7.54,30,1,4.01,26.35,3.43,24.60,10.00,13.79,5.00,47.00,5.00,47.00,5.00,7.80,6.05,119,6.89,6.04,8.15,8.33,8.25,5.19,7.75,8.18,1.00,7.35,27,7.57,12.15,9.48,1.29,6.64,8.39,10.00,8.42,51,9.67,0.49,8.98,5.10,6.84,7.91,8.50,7.05,9.98,8.52,10.00,10.00,3.08,9.16,8.38,7.65,8.67,28,10.00,6.89,9.00,8.63,4.45,5.03,6.80,8.00,5.07,10.00,6.61,6.57,3.14,6.00,8.90,6.70,6.18,7.38,8.51,6.25,7.38,7.19,41
,2022,EST,Estonia,7.67,20,1,3.55,27.94,5.83,15.81,8.95,18.69,10.00,20.00,4.00,42.00,7.00,7.66,6.60,83,7.92,6.90,8.69,8.33,7.82,6.74,9.50,7.91,1.00,7.98,16,7.94,10.31,7.46,6.34,2.24,19.40,10.00,6.91,107,9.67,0.49,8.98,5.10,6.84,7.91,8.50,7.98,9.94,8.96,10.00,10.00,5.38,9.16,8.91,8.36,8.95,8,10.00,9.65,6.00,8.55,7.08,7.58,8.67,4.00,9.25,3.00,4.40,6.28,5.20,8.22,9.62,9.72,8.19,8.08,9.24,8.75,8.69,7.93,13
,2022,ETH,Ethiopia,5.24,148,4,9.21,8.69,8.91,4.49,6.20,28.30,7.00,35.00,3.00,48.00,5.00,5.09,6.88,69,3.83,3.48,3.78,3.33,6.25,5.27,7.04,4.47,0.88,4.41,110,7.30,13.49,6.37,9.07,0.00,33.89,5.00,4.67,156,5.58,6.63,6.60,17.00,5.24,11.90,5.81,3.43,9.81,6.62,0.00,2.50,0.00,10.00,4.69,4.30,4.18,156,2.00,9.16,10.00,7.05,5.83,6.02,3.74,10.00,7.04,10.00,4.55,6.74,3.74,3.78,3.90,5.82,4.31,5.64,9.02,3.75,6.14,6.06,113
,2022,FIN,Finland,7.87,13,1,2.40,31.85,3.77,23.38,9.42,17.04,3.00,48-54,2.00,54-59,2.50,7.24,5.06,149,8.60,8.38,9.67,10.00,9.45,7.53,7.52,9.77,1.00,8.86,5,7.59,12.06,9.35,1.61,7.15,7.12,10.00,8.52,43,9.67,0.49,8.98,5.10,6.84,7.91,8.50,7.72,9.13,8.43,10.00,10.00,3.08,9.16,8.83,7.77,8.67,27,10.00,9.68,10.00,9.89,5.70,8.75,2.80,8.00,10.00,3.00,6.17,6.35,6.49,6.44,9.07,8.25,7.56,9.89,9.86,7.50,9.08,8.22,7
,2022,FJI,Fiji,5.99,110,3,4.90,23.34,8.08,7.53,0.00,56.09,7.00,44.00,7.00,44.00,7.00,7.34,5.47,140,4.97,5.02,2.16,,5.74,4.94,7.71,2.50,0.94,4.58,100,9.70,1.50,8.95,2.62,8.19,4.52,0.00,6.71,111,7.41,3.89,8.52,7.40,0.00,27.97,5.31,2.50,6.53,4.51,10.00,4.56,0.00,10.00,5.00,4.89,6.18,127,10.00,0.00,10.00,6.67,6.95,9.14,,10.00,8.27,10.00,7.50,8.64,4.58,6.67,6.08,4.87,5.55,6.52,8.62,6.25,7.13,7.00,49
,2022,FRA,France,7.49,36,1,2.64,31.02,1.88,30.30,10.00,14.80,4.00,51.00,2.00,61-62,3.00,7.32,4.97,151,7.13,7.25,8.52,8.33,8.32,6.26,6.81,7.30,1.00,7.49,22,7.60,12.02,9.63,0.92,7.91,5.22,10.00,8.78,25,9.67,0.49,8.98,5.10,6.84,7.91,8.50,8.00,9.98,8.99,10.00,10.00,5.38,9.16,8.59,8.28,8.94,9,8.00,7.88,10.00,8.63,3.62,5.75,6.63,4.00,8.13,10.00,6.53,6.38,4.28,6.89,8.97,6.72,6.71,7.89,7.44,6.96,7.43,7.29,35
,2022,GAB,Gabon,5.28,146,4,3.99,26.44,9.45,2.53,10.00,12.76,5.00,40.00,2.00,53.00,3.50,5.55,6.50,87,4.33,3.04,3.33,3.33,4.86,1.46,4.86,2.64,0.82,3.17,144,9.54,-2.32,4.81,12.97,8.31,4.23,0.00,5.66,140,7.38,3.93,6.38,18.10,6.16,9.59,6.64,3.36,3.57,3.46,10.00,2.06,1.54,5.06,0.00,2.17,5.57,147,5.00,10.00,10.00,8.33,3.62,4.25,5.86,8.00,8.50,10.00,2.26,6.07,3.44,4.89,8.10,1.46,4.47,2.71,6.43,0.00,3.05,5.48,135
,2022,GBR,"United Kingdom",7.88,12,1,4.33,25.27,5.74,16.12,9.44,16.95,6.00,45.00,1.00,67.00,3.50,7.91,6.18,113,7.76,7.46,8.75,10.00,8.28,6.55,8.02,7.24,1.00,8.01,15,8.90,5.51,9.12,2.21,6.83,7.92,10.00,8.71,29,9.77,0.35,9.24,3.80,7.26,6.84,8.76,7.06,9.32,8.19,10.00,10.00,4.62,8.40,9.15,8.04,8.75,21,8.00,6.20,8.00,7.40,8.20,9.27,7.40,8.00,8.53,10.00,6.20,8.23,5.56,5.78,8.78,6.86,6.74,9.34,9.52,6.97,8.61,7.75,18
,2022,GEO,Georgia,7.66,21,1,7.47,14.60,6.91,11.78,5.88,29.42,10.00,20.00,10.00,20.00,10.00,6.69,7.39,40,5.54,4.96,5.41,,6.05,5.90,9.98,6.03,1.00,6.27,46,7.64,11.78,9.00,2.49,5.24,11.90,10.00,7.97,73,9.90,0.15,9.72,1.40,8.78,3.05,9.47,5.75,9.58,7.67,10.00,8.75,6.92,9.70,6.96,8.08,8.80,17,10.00,8.86,10.00,9.62,5.83,8.38,7.08,8.00,9.25,3.00,5.95,6.78,6.08,7.78,6.43,7.54,6.95,8.11,9.89,6.25,8.08,7.86,16
,2022,GHA,Ghana,5.96,113,3,9.44,7.92,9.29,3.10,10.00,8.99,8.00,30.00,4.00,41.00,6.00,8.07,8.56,11,6.27,4.47,5.27,5.00,6.04,3.11,7.37,5.05,0.94,5.16,76,6.30,18.51,6.58,8.54,0.00,31.26,0.00,3.22,160,8.59,2.11,7.60,12.00,7.07,7.32,7.76,4.75,3.96,4.36,10.00,2.50,3.85,6.25,5.72,4.58,6.67,108,8.00,4.20,10.00,7.40,7.50,2.50,6.31,8.00,0.00,10.00,5.44,5.68,4.76,4.44,3.51,6.23,4.74,6.11,8.14,6.25,6.83,6.16,104
,2022,GIN,Guinea,5.63,132,4,6.36,18.37,,,8.27,21.06,10.00,20.00,5.00,36.00,7.50,6.88,7.25,50,4.54,2.54,2.88,0.83,4.12,2.69,7.59,4.34,0.82,3.37,142,8.00,10.01,7.70,5.74,5.80,10.49,5.00,6.63,114,9.26,1.11,7.60,12.00,7.07,7.32,7.98,4.54,1.91,3.23,10.00,2.50,0.83,2.37,4.36,2.52,5.93,135,,2.10,10.00,6.05,4.72,6.00,6.32,6.00,8.13,3.00,4.11,5.47,4.42,2.89,2.15,4.01,3.37,4.55,8.44,1.89,4.96,4.96,146
,2022,GMB,"Gambia, The",6.85,70,2,8.74,10.29,9.41,2.68,1.83,43.58,9.00,25.00,9.00,25.00,9.00,7.41,7.28,48,5.95,4.71,5.03,4.17,6.27,3.13,6.06,4.95,0.88,4.74,94,7.74,11.29,9.19,2.03,5.40,11.51,10.00,8.08,65,6.86,4.71,7.60,12.00,7.07,7.32,7.18,4.42,4.80,4.61,10.00,6.17,7.69,10.00,5.45,7.33,7.28,81,10.00,8.01,9.00,9.00,5.00,5.26,6.86,10.00,5.51,10.00,6.26,6.98,5.45,4.44,6.49,5.67,5.52,5.43,8.09,4.48,6.00,6.88,56
,2022,GNB,Guinea-Bissau,5.32,145,4,7.59,14.21,9.27,3.19,2.97,39.60,10.00,12.00,8.00,30.00,9.00,6.70,7.10,55,3.88,2.20,1.85,4.17,4.59,1.65,7.32,1.25,0.41,2.37,158,8.99,5.07,8.03,4.92,6.24,9.39,0.00,5.82,137,6.65,5.03,7.60,12.00,7.07,7.32,7.11,5.00,4.33,4.66,10.00,0.81,0.77,10.00,2.50,3.52,6.32,124,10.00,7.01,4.00,7.00,3.61,3.76,,8.00,2.52,3.00,5.00,4.31,3.22,3.56,2.49,5.03,3.57,4.07,8.54,2.50,5.04,4.98,145
,2022,GRC,Greece,6.85,70,2,5.09,22.70,2.99,26.21,6.92,25.79,4.00,54.00,1.00,66.00,2.50,7.42,4.98,150,5.44,4.89,5.46,8.33,7.05,3.71,7.93,5.52,1.00,6.04,50,7.50,12.48,8.62,3.46,6.14,9.65,10.00,8.07,68,9.67,0.49,8.98,5.10,6.84,7.91,8.50,7.33,9.44,8.39,10.00,8.35,5.38,9.16,5.47,7.09,8.49,36,10.00,7.71,9.00,8.90,5.99,4.45,5.58,6.00,5.51,3.00,5.82,5.19,2.62,5.33,7.33,5.61,5.22,7.69,7.98,6.25,7.31,6.66,75
,2022,GTM,Guatemala,7.45,39,1,8.38,11.52,9.01,4.13,10.00,9.25,10.00,7.00,9.00,21.00,9.50,8.42,9.06,1,4.58,3.14,6.40,5.83,4.14,1.69,8.36,1.66,0.94,4.34,114,8.58,7.12,9.40,1.50,7.24,6.89,10.00,8.81,22,9.27,1.10,8.90,5.50,7.51,6.22,8.56,7.73,6.62,7.18,10.00,8.75,6.92,8.40,6.96,7.76,8.37,44,10.00,9.65,9.00,9.55,5.42,4.39,6.90,4.00,1.27,10.00,5.31,5.33,3.37,5.33,3.33,6.11,4.53,7.33,7.22,7.50,7.35,6.69,71
,2022,GUY,Guyana,5.60,136,4,5.46,21.43,,,0.00,53.55,5.00,40.00,3.00,50.00,4.00,6.01,3.87,164,5.78,4.89,4.62,6.67,4.50,3.47,7.62,1.89,0.94,4.79,93,9.93,-0.37,2.72,18.19,7.55,6.12,5.00,6.30,124,,,7.66,11.70,4.90,12.75,6.28,5.61,1.45,3.53,10.00,6.79,5.38,6.03,5.00,5.80,6.40,120,10.00,5.24,9.00,8.08,8.20,5.64,,4.00,7.41,10.00,5.60,6.81,4.18,3.78,4.74,4.82,4.38,6.71,7.52,7.50,7.24,6.63,78
,2022,HKG,"Hong Kong SAR, China",8.58,1,1,6.57,17.67,9.00,4.16,3.55,37.59,10.00,17.00,10.00,17.00,10.00,7.59,7.34,45,7.23,8.21,9.36,5.83,6.10,8.06,6.95,8.21,1.00,7.49,21,9.35,3.27,9.51,1.22,9.25,1.88,10.00,9.53,3,10.00,0.00,10.00,0.00,10.00,0.00,10.00,9.16,9.67,9.41,10.00,10.00,7.69,10.00,9.23,9.23,9.66,1,10.00,10.00,10.00,10.00,8.75,9.75,8.63,10.00,9.50,10.00,6.62,9.04,7.31,5.56,5.29,9.81,6.99,9.45,9.79,8.93,9.39,8.86,1
,2022,HND,Honduras,6.92,67,2,7.64,14.02,9.03,4.07,10.00,10.89,9.00,27.00,9.00,27.00,9.00,8.54,8.84,2,4.96,3.39,4.62,4.17,4.72,1.32,7.59,1.76,0.94,3.95,124,8.05,9.77,8.92,2.70,6.36,9.09,10.00,8.33,54,9.54,0.69,8.86,5.70,6.65,8.38,8.35,6.35,4.10,5.22,10.00,3.31,2.31,8.08,4.91,4.65,7.06,93,10.00,7.69,9.00,8.90,2.50,2.51,5.74,8.00,2.52,10.00,5.45,5.24,2.97,4.44,6.62,6.36,5.10,5.84,8.75,5.00,6.53,6.44,90
,2022,HRV,Croatia,7.07,56,2,3.96,26.53,5.37,17.50,8.80,19.20,7.00,36-42,2.00,56-60,4.50,6.89,5.90,126,5.70,4.91,4.79,8.33,7.55,4.01,8.39,5.68,1.00,6.17,47,8.54,7.31,8.50,3.75,5.69,10.78,10.00,8.18,59,9.67,0.49,8.98,5.10,6.84,7.91,8.50,7.58,9.98,8.78,10.00,6.71,3.85,9.16,6.44,6.54,8.45,38,8.00,10.00,7.00,8.33,4.72,6.25,6.72,6.00,7.51,10.00,3.60,6.40,1.58,6.67,6.19,6.35,5.19,5.51,8.52,5.69,6.57,6.63,79
,2022,HTI,Haiti,5.80,128,4,9.85,6.50,9.92,0.81,10.00,10.49,8.00,30.00,4.00,43.00,6.00,7.88,8.73,8,3.78,1.93,2.62,0.00,2.19,1.94,2.76,2.36,0.76,1.94,164,7.18,14.12,7.44,6.39,0.00,33.98,5.00,4.90,150,,,9.02,4.90,7.41,6.47,8.22,4.36,7.27,5.81,8.89,7.33,6.15,10.00,5.85,7.33,7.56,70,8.00,7.48,6.00,7.16,7.08,6.25,6.94,10.00,10.00,10.00,5.11,7.91,2.32,0.67,0.99,5.22,2.30,1.24,9.30,7.50,6.01,5.85,123
,2022,HUN,Hungary,7.12,55,2,3.19,29.15,6.20,14.44,8.82,19.12,10.00,15.00,5.00,39.00,7.50,5.43,6.23,109,5.16,5.15,6.22,10.00,6.23,3.91,8.03,6.30,1.00,6.38,43,7.95,10.25,8.35,4.14,4.16,14.61,10.00,7.61,84,9.67,0.49,8.98,5.10,6.84,7.91,8.50,7.07,9.97,8.52,10.00,10.00,3.85,9.16,8.13,7.78,8.70,25,8.00,7.58,9.00,8.19,6.12,6.38,6.24,4.00,7.76,10.00,6.93,6.77,3.30,6.44,5.84,5.95,5.38,6.15,7.78,5.00,6.31,6.66,74
,2022,IDN,Indonesia,6.96,64,2,8.05,12.62,9.51,2.31,10.00,11.13,8.00,35.00,7.00,40.00,7.50,7.49,8.51,12,5.68,4.35,5.58,3.33,5.04,3.72,6.69,5.31,0.82,4.53,103,8.93,5.33,8.44,3.89,8.32,4.21,10.00,8.92,17,9.33,1.01,8.40,8.00,5.84,10.40,7.86,5.97,4.38,5.18,10.00,5.84,1.54,8.94,4.12,5.11,7.04,94,5.00,9.40,9.00,7.80,4.30,2.96,6.34,10.00,0.00,5.00,4.09,4.67,5.08,5.78,4.85,5.62,5.33,4.48,7.65,4.19,5.44,5.81,125
,2022,IND,India,6.58,84,3,7.47,14.60,8.23,7.00,7.40,24.10,7.00,43.00,7.00,43.00,7.00,8.56,7.73,25,6.26,5.37,5.52,6.67,6.41,3.22,6.34,5.17,0.88,5.29,71,8.75,6.26,8.98,2.55,7.32,6.70,5.00,7.51,87,9.09,1.37,6.38,18.10,2.33,19.19,5.93,5.38,7.35,6.36,10.00,2.50,0.00,0.54,6.67,2.43,6.18,126,2.00,9.24,10.00,7.08,6.29,4.84,6.28,4.00,6.30,10.00,4.72,6.06,5.18,5.56,3.09,5.28,4.77,5.69,9.18,5.44,6.77,6.17,102
,2022,IRL,Ireland,8.02,6,1,2.44,31.70,7.07,11.27,10.00,9.50,6.00,40.00,3.00,52.00,4.50,7.65,6.33,101,7.88,7.23,8.95,10.00,9.22,4.81,7.27,7.65,1.00,7.88,17,8.88,5.59,8.75,3.13,6.88,7.81,10.00,8.63,37,9.67,0.49,8.98,5.10,6.84,7.91,8.50,7.83,9.09,8.46,10.00,10.00,7.69,9.16,9.00,8.96,8.98,5,8.00,10.00,10.00,9.33,8.20,6.94,7.15,10.00,6.37,10.00,8.14,8.11,4.90,6.89,8.99,9.01,7.45,7.87,8.24,8.75,8.29,8.29,5
,2022,IRN,"Iran, Islamic Rep.",4.63,158,4,5.31,21.95,7.99,7.88,9.37,17.20,8.00,30.00,8.00,30.00,8.00,4.26,6.99,64,4.03,2.21,2.11,6.67,4.41,3.08,8.17,6.32,0.41,3.26,143,7.78,11.08,6.02,9.95,0.00,43.49,10.00,5.95,135,7.52,3.72,5.98,20.10,2.60,18.49,5.37,2.87,4.39,3.63,0.00,0.00,0.83,0.97,1.88,0.92,2.48,165,0.00,8.58,10.00,6.19,5.13,3.76,5.31,8.00,2.52,1.00,2.77,4.07,2.40,0.00,4.61,5.04,3.01,3.79,8.79,1.25,4.61,4.47,157
,2022,IRQ,Iraq,5.25,147,4,2.96,29.94,7.86,8.36,0.41,48.56,10.00,15.00,8.00,28.00,9.00,4.50,4.95,152,4.87,2.52,2.50,2.50,3.34,2.42,6.64,0.00,0.47,2.28,160,8.49,7.56,2.54,18.64,8.00,4.99,10.00,7.26,100,9.67,0.50,,,0.00,0.00,4.83,7.50,0.46,3.98,10.00,7.50,2.31,4.63,5.00,4.86,5.92,136,,10.00,9.00,9.50,4.87,4.52,,6.00,6.55,10.00,2.50,5.74,5.15,0.00,2.49,4.50,3.03,4.06,8.20,3.19,5.15,5.86,121
,2022,ISL,Iceland,7.84,14,1,1.88,33.62,7.58,9.39,9.80,15.71,4.00,46.00,3.00,54.00,3.50,7.42,6.03,120,7.93,8.72,9.10,10.00,9.05,7.14,8.75,9.51,1.00,8.77,6,8.98,5.09,8.97,2.58,6.68,8.31,10.00,8.66,35,9.89,0.17,9.34,3.30,4.52,13.70,7.92,7.74,8.78,8.26,10.00,9.40,5.38,9.16,5.97,7.48,8.41,42,2.00,7.38,8.00,5.79,7.78,8.75,4.70,8.00,10.00,10.00,5.50,7.82,5.00,7.56,8.75,7.97,7.32,8.02,9.55,7.50,8.36,7.32,32
,2022,ISR,Israel,7.44,41,1,3.00,29.80,5.80,15.92,8.39,20.65,5.00,50.00,5.00,50.00,5.00,7.60,5.96,123,7.09,7.38,7.45,4.17,8.39,4.74,6.93,7.16,0.88,6.27,45,8.44,7.78,9.42,1.45,8.24,4.39,10.00,9.03,13,9.72,0.42,9.32,3.40,6.53,8.67,8.52,7.90,7.40,7.65,10.00,10.00,6.15,10.00,8.49,8.66,8.71,24,10.00,8.81,9.00,9.27,7.41,5.01,6.97,8.00,2.52,0.00,4.58,4.93,4.22,8.44,7.53,8.69,7.22,8.03,7.65,6.96,7.55,7.24,37
,2022,ITA,Italy,7.22,51,2,4.60,24.37,2.58,27.72,10.00,12.23,3.00,44-47,0.00,61-63,1.50,7.82,5.30,145,6.18,5.02,6.57,10.00,7.57,3.48,8.25,5.71,1.00,6.60,41,7.42,12.89,9.60,0.99,6.72,8.20,10.00,8.44,48,9.67,0.49,8.98,5.10,6.84,7.91,8.50,8.01,9.98,9.00,10.00,10.00,6.92,9.16,7.52,8.40,8.97,6,10.00,6.13,9.00,8.38,5.28,6.25,3.82,8.00,10.00,10.00,6.50,7.12,1.76,5.78,7.24,4.92,4.92,6.13,7.82,6.25,6.73,6.79,62
,2022,JAM,Jamaica,7.32,49,2,5.79,20.32,8.38,6.45,10.00,11.17,8.00,30.00,5.00,40.00,6.50,9.21,7.98,22,6.80,5.48,6.62,8.33,6.17,2.88,8.72,2.12,0.94,5.72,60,7.72,11.39,8.58,3.55,5.86,10.35,10.00,8.04,69,7.40,3.90,8.28,8.60,5.49,11.27,7.06,6.02,5.70,5.86,10.00,4.56,1.54,10.00,7.27,5.84,7.19,83,10.00,8.65,9.00,9.22,6.95,5.77,6.97,10.00,6.55,10.00,5.45,7.38,3.72,6.67,7.80,4.75,5.73,8.71,8.63,7.50,8.28,7.65,19
,2022,JOR,Jordan,7.33,48,2,6.49,17.92,8.11,7.45,7.86,22.50,9.00,31.00,5.00,46.00,7.00,7.92,7.47,38,5.93,5.64,5.85,5.83,6.29,3.12,6.72,7.74,0.47,4.33,115,9.56,2.22,9.58,1.05,8.31,4.23,10.00,9.36,5,9.10,1.35,7.98,10.10,3.86,15.35,6.98,7.13,6.73,6.93,10.00,8.75,6.15,10.00,6.54,7.86,7.94,61,10.00,6.52,10.00,8.84,6.38,7.50,7.19,6.00,10.00,10.00,5.96,7.58,4.64,6.22,6.64,6.96,6.11,6.09,9.82,6.96,7.62,7.54,24
,2022,JPN,Japan,7.90,11,1,3.49,28.13,3.66,23.75,9.58,16.46,3.00,56.00,3.00,56.00,3.00,9.52,5.85,130,7.79,7.77,9.34,8.33,8.63,6.19,8.01,9.36,0.88,7.70,19,9.47,2.63,9.73,0.67,9.00,2.50,10.00,9.55,1,9.71,0.44,9.22,3.90,4.70,13.26,7.87,6.88,8.73,7.80,10.00,10.00,8.46,6.14,8.61,8.30,8.50,35,8.00,7.90,10.00,8.63,8.20,7.50,7.92,8.00,10.00,10.00,3.75,7.91,5.01,8.00,7.95,6.78,6.93,8.02,9.15,7.50,8.22,7.93,14
,2022,KAZ,Kazakhstan,6.89,68,2,6.27,18.69,7.77,8.70,10.00,11.37,10.00,10.00,7.00,32.00,8.50,5.89,7.68,28,4.25,4.36,5.32,7.50,5.41,4.49,9.91,5.58,0.88,5.51,64,8.20,9.01,7.58,6.04,4.02,14.96,10.00,7.45,91,7.45,3.83,8.76,6.20,7.54,6.14,7.92,5.86,4.89,5.37,10.00,4.86,2.31,7.54,4.22,4.73,7.01,95,8.00,8.72,10.00,8.91,7.50,7.13,7.85,10.00,9.25,3.00,5.39,7.16,4.94,5.33,3.71,6.46,5.11,4.99,9.24,3.75,6.00,6.79,61
,2022,KEN,Kenya,6.82,74,2,7.69,13.84,9.71,1.56,2.27,42.06,8.00,30.00,8.00,30.00,8.00,7.71,7.08,58,5.32,4.30,5.19,5.83,6.15,3.90,7.24,3.12,0.88,4.83,88,9.30,3.51,9.51,1.22,6.94,7.66,10.00,8.94,16,6.81,4.78,7.14,14.30,4.45,13.87,6.13,3.84,5.49,4.66,10.00,6.00,3.85,3.88,5.54,4.82,6.40,119,10.00,7.28,10.00,9.09,7.08,5.65,6.64,8.00,6.30,10.00,5.01,6.95,4.78,4.22,6.76,6.49,5.56,3.79,8.32,5.46,5.86,6.87,57
,2022,KGZ,"Kyrgyz Republic",6.53,88,3,6.09,19.28,7.62,9.25,,,10.00,10.00,7.00,32.00,8.50,6.14,7.09,57,4.61,2.56,3.69,,4.64,3.51,9.87,4.38,0.88,4.47,107,7.08,14.59,6.75,8.12,4.43,13.92,10.00,7.07,103,7.88,3.18,8.70,6.50,7.95,5.14,8.17,6.30,6.05,6.18,10.00,6.44,2.31,8.40,3.48,5.16,7.38,76,8.00,10.00,8.00,8.67,6.25,7.63,7.39,10.00,7.76,1.00,4.90,6.42,3.92,3.33,5.85,6.27,4.84,5.54,8.19,6.25,6.66,6.65,76
,2022,KHM,Cambodia,6.85,70,2,8.62,10.69,9.26,3.23,8.79,19.25,10.00,20.00,10.00,20.00,10.00,7.20,8.77,6,3.19,2.37,4.66,,1.70,2.16,7.55,4.82,1.00,3.78,128,7.74,11.30,9.21,1.97,7.86,5.34,10.00,8.70,32,9.02,1.48,7.96,10.20,6.70,8.26,7.89,5.33,4.00,4.66,10.00,6.25,5.38,10.00,5.39,6.76,7.33,79,,8.06,9.00,8.53,5.83,4.40,5.72,10.00,6.30,5.00,4.51,5.97,4.27,4.89,1.59,5.72,4.12,3.38,4.99,3.75,4.04,5.66,130
,2022,KOR,"Korea, Rep.",7.52,32,1,3.51,28.07,5.69,16.32,9.93,15.24,5.00,50.00,5.00,50.00,5.00,7.38,6.30,104,6.18,6.48,8.35,6.67,8.17,7.09,8.22,7.84,0.88,6.94,31,8.85,5.76,9.48,1.29,7.96,5.09,10.00,9.07,10,9.65,0.52,7.32,13.40,0.00,55.48,5.66,7.03,9.58,8.31,10.00,8.75,6.15,10.00,7.20,8.03,8.00,58,8.00,9.91,10.00,9.30,6.53,3.76,6.31,10.00,2.52,0.00,3.55,4.67,3.76,8.67,7.81,7.77,7.00,7.63,9.99,6.71,8.11,7.27,36
,2022,KWT,Kuwait,6.45,92,3,0.79,37.31,6.90,11.89,6.46,27.40,10.00,0.00,10.00,20.00,10.00,5.36,5.90,127,6.08,5.14,6.61,8.33,6.76,5.03,9.51,8.30,0.47,5.13,80,9.56,2.21,2.98,17.55,8.41,3.98,10.00,7.74,81,9.38,0.93,9.06,4.70,7.54,6.16,8.66,6.35,4.10,5.23,10.00,7.25,3.85,5.71,5.32,5.53,7.35,77,10.00,10.00,5.00,8.33,7.50,4.69,6.35,4.00,4.39,3.00,5.02,4.99,4.83,2.44,5.76,6.95,5.00,5.46,9.23,3.75,6.15,6.12,106
,2022,LAO,"Lao PDR",5.86,125,4,5.28,22.05,9.73,1.50,7.38,24.16,9.00,25.00,9.00,25.00,9.00,3.29,6.94,67,4.97,3.26,3.06,,3.12,1.54,8.45,6.44,1.00,4.40,111,5.26,23.70,7.71,5.72,0.82,22.96,5.00,4.70,153,9.02,1.47,8.28,8.60,7.25,6.88,8.18,6.51,7.45,6.98,10.00,1.21,1.54,10.00,5.04,4.45,7.40,73,,9.65,10.00,9.83,5.28,3.01,6.61,10.00,1.02,1.00,4.15,4.44,4.38,3.56,3.98,2.97,3.72,3.97,9.41,2.90,5.43,5.85,122
,2022,LBN,Lebanon,5.35,144,4,7.73,13.72,9.33,2.97,10.00,3.13,10.00,25.00,9.00,31.00,9.50,7.35,8.78,5,4.20,2.57,3.79,3.33,5.01,1.98,7.33,2.72,0.82,3.53,136,9.98,0.10,0.00,66.08,0.00,171.21,10.00,4.99,148,9.85,0.23,8.80,6.00,5.22,11.94,7.96,4.94,3.12,4.03,0.00,2.92,1.54,9.05,5.02,4.63,4.16,157,10.00,0.00,10.00,6.67,5.28,7.50,6.40,8.00,10.00,10.00,4.87,7.44,3.55,0.67,2.64,5.24,3.02,3.26,6.40,2.33,4.00,5.28,141
,2022,LBR,Liberia,5.87,123,3,1.78,33.94,8.64,5.47,4.11,35.63,9.00,25.00,7.00,33.00,8.00,6.94,5.90,128,5.43,2.66,3.61,5.00,4.40,1.44,4.80,2.59,1.00,3.74,131,9.54,-2.29,7.73,5.67,6.96,7.59,10.00,8.56,39,6.43,5.35,7.60,12.00,7.07,7.32,7.04,3.64,0.00,1.82,10.00,4.83,8.46,1.51,2.89,4.42,5.82,138,8.00,8.91,9.00,8.64,3.33,1.55,,8.00,3.09,10.00,2.70,4.78,3.24,2.89,4.84,4.22,3.79,2.96,9.46,0.00,4.14,5.34,139
,2022,LBY,Libya,4.65,157,4,0.00,50.82,,,0.00,78.85,10.00,14.00,9.00,25.00,9.50,4.99,3.62,165,4.41,1.72,1.64,5.00,5.09,1.81,,0.84,0.71,2.50,155,9.94,-0.29,0.00,47.48,8.20,4.51,10.00,7.03,104,,,9.10,4.50,8.60,3.51,8.85,3.15,4.26,3.71,8.97,3.31,0.00,0.22,2.50,1.51,5.76,140,,10.00,4.00,7.00,4.87,3.44,,8.00,4.39,10.00,5.00,5.95,4.72,0.00,0.90,1.27,1.72,4.01,,1.25,2.63,4.32,159
,2022,LKA,"Sri Lanka",5.87,123,3,8.72,10.34,9.21,3.39,8.49,20.30,10.00,18.00,10.00,20.00,10.00,7.35,8.75,7,5.84,5.33,4.71,5.00,6.14,1.81,7.59,4.97,0.88,4.87,87,8.24,8.79,2.02,19.95,0.00,49.72,0.00,2.57,161,7.96,3.06,8.82,5.90,5.54,11.15,7.44,5.61,6.23,5.92,10.00,3.31,0.00,10.00,5.20,4.63,7.00,96,5.00,7.21,10.00,7.40,7.50,2.50,6.29,8.00,0.00,10.00,4.78,5.58,3.38,5.56,4.66,5.53,4.78,6.16,9.52,5.00,6.89,6.16,103
,2022,LSO,Lesotho,5.96,113,3,3.58,27.82,8.51,5.98,0.02,49.94,8.00,30.00,8.00,30.00,8.00,7.69,5.56,138,6.14,4.17,3.58,,6.50,1.96,6.49,4.88,0.94,4.68,98,8.75,6.23,9.01,2.47,6.69,8.27,5.00,7.37,93,8.02,2.97,8.50,7.50,5.80,10.50,7.44,2.93,9.81,6.37,10.00,2.06,1.54,4.31,2.08,2.50,6.58,112,10.00,7.25,10.00,9.08,3.33,3.27,4.37,8.00,6.55,10.00,2.10,5.37,4.45,4.00,5.91,3.17,4.38,2.99,7.91,0.00,3.63,5.62,132
,2022,LTU,Lithuania,7.51,34,1,5.21,22.30,5.81,15.88,10.00,14.78,7.00,32.00,5.00,41.00,6.00,8.65,7.13,53,7.11,5.82,6.85,8.33,7.27,6.87,9.67,7.23,1.00,7.39,24,8.04,9.82,7.57,6.09,2.12,19.71,10.00,6.93,106,9.67,0.49,8.98,5.10,6.84,7.91,8.50,7.54,9.78,8.66,10.00,8.75,6.92,9.16,6.67,7.88,8.76,19,10.00,9.69,5.00,8.23,6.12,6.75,8.31,8.00,8.50,3.00,5.39,6.58,3.80,7.33,6.83,7.42,6.35,7.27,9.71,7.50,8.16,7.33,31
,2022,LUX,Luxembourg,7.98,9,1,1.00,36.59,4.70,19.95,7.58,23.46,5.00,46.00,5.00,46.00,5.00,8.66,5.39,142,8.24,8.35,9.24,10.00,9.11,8.73,6.18,9.30,1.00,8.64,8,7.94,10.28,9.39,1.53,7.46,6.34,10.00,8.70,33,9.67,0.49,8.98,5.10,6.84,7.91,8.50,8.72,9.98,9.35,10.00,10.00,3.85,9.16,9.13,8.03,8.97,7,8.00,9.84,10.00,9.28,4.87,8.00,6.78,6.00,8.50,10.00,7.44,7.37,5.89,7.11,9.54,8.44,7.75,7.97,8.39,8.75,8.37,8.19,8
,2022,LVA,Latvia,7.52,32,1,4.74,23.87,4.82,19.50,9.16,17.93,7.00,31.00,4.00,46.00,5.50,8.09,6.46,89,6.88,4.49,6.84,8.33,8.31,6.51,9.03,6.85,1.00,7.16,28,7.94,10.31,8.03,4.93,3.08,17.31,10.00,7.26,99,9.67,0.49,8.98,5.10,6.84,7.91,8.50,7.85,9.42,8.64,10.00,8.75,6.92,9.16,7.04,7.97,8.78,18,10.00,7.86,9.00,8.95,5.00,6.38,8.03,10.00,7.76,10.00,5.93,7.59,4.25,8.00,9.58,7.81,7.41,8.08,7.79,7.50,7.79,7.93,12
,2022,MAR,Morocco,6.46,90,3,4.80,23.67,9.62,1.88,9.59,16.42,5.00,38.00,3.00,46.00,4.00,6.75,6.95,66,6.04,4.45,5.27,6.67,6.04,4.38,7.52,7.79,0.76,5.31,70,8.77,6.16,9.54,1.14,7.34,6.66,0.00,6.41,121,9.28,1.08,7.20,14.00,2.61,18.48,6.36,7.12,8.08,7.60,10.00,3.31,0.77,7.65,5.86,4.40,7.09,90,8.00,8.13,10.00,8.71,1.80,3.89,7.26,8.00,5.29,3.00,5.27,4.93,5.23,6.00,3.71,6.63,5.39,6.17,9.97,5.00,7.05,6.52,86
,2022,MDA,Moldova,6.49,89,3,6.73,17.13,5.91,15.50,10.00,13.03,10.00,12.00,7.00,35.00,8.50,7.36,7.70,27,4.97,4.11,4.93,5.83,6.73,4.66,9.57,5.96,1.00,5.84,53,8.48,7.60,7.48,6.29,0.00,28.74,5.00,5.24,145,9.40,0.90,8.94,5.30,7.63,5.94,8.66,5.56,8.79,7.18,10.00,3.31,0.77,9.59,4.92,4.65,7.62,67,10.00,6.76,7.00,7.92,4.03,5.89,7.58,6.00,6.79,3.00,5.07,5.48,4.02,6.67,7.03,6.47,6.05,5.58,6.38,2.50,4.82,6.07,112
,2022,MDG,Madagascar,5.95,116,3,5.71,20.59,9.56,2.13,5.20,31.79,10.00,20.00,7.00,34.00,8.50,7.06,7.21,51,4.17,3.17,3.29,1.67,4.39,1.48,5.15,2.50,0.65,2.66,153,8.33,8.34,9.34,1.65,6.74,8.16,5.00,7.35,94,8.11,2.83,7.64,11.80,7.22,6.96,7.66,4.91,5.09,5.00,10.00,3.31,0.77,10.00,5.18,4.81,6.87,100,10.00,7.23,6.00,7.74,2.50,4.81,7.22,8.00,7.12,1.00,5.19,5.12,3.13,2.67,3.81,6.47,4.02,6.11,7.69,3.38,5.73,5.65,131
,2022,MEX,Mexico,6.94,65,2,7.77,13.57,8.46,6.17,10.00,11.77,8.00,35.00,8.00,35.00,8.00,7.15,8.28,16,4.55,4.48,5.09,4.17,3.47,4.21,7.33,1.24,1.00,4.32,116,8.61,6.96,9.43,1.42,6.84,7.90,5.00,7.47,89,9.77,0.35,8.58,7.10,6.45,8.88,8.27,8.05,8.46,8.26,10.00,8.50,1.54,6.68,6.72,5.86,8.10,55,8.00,8.30,10.00,8.77,7.08,4.91,7.00,8.00,4.82,3.00,6.58,5.91,3.11,4.22,4.21,4.90,4.11,6.14,9.56,6.25,7.32,6.53,84
,2022,MKD,"North Macedonia",6.74,77,2,6.37,18.34,4.21,21.74,7.38,24.16,10.00,10.00,7.00,35.00,8.50,7.79,6.85,71,3.72,3.16,4.65,,5.25,3.22,8.38,5.70,0.94,4.73,95,8.72,6.42,9.06,2.35,4.32,14.20,5.00,6.77,110,9.47,0.79,8.68,6.60,6.59,8.51,8.25,3.73,9.61,6.67,10.00,5.19,3.08,8.08,7.50,5.96,7.72,65,10.00,8.14,9.00,9.05,7.37,7.44,5.74,8.00,7.38,10.00,5.94,7.41,3.31,8.22,4.24,8.08,5.96,7.20,9.43,7.50,8.04,7.62,22
,2022,MLI,Mali,5.63,132,4,6.33,18.48,9.67,1.70,5.95,29.19,5.00,37.00,2.00,53.00,3.50,7.93,6.68,78,5.05,2.46,4.12,3.33,5.37,2.57,5.80,3.23,0.71,3.40,140,7.86,10.68,9.22,1.94,6.15,9.62,0.00,5.81,138,8.21,2.69,7.60,12.00,7.07,7.32,7.63,4.78,5.30,5.04,10.00,3.31,0.77,2.69,4.70,2.87,6.38,122,10.00,7.04,5.00,7.35,5.28,6.28,5.45,8.00,7.57,0.00,4.94,5.36,4.01,3.11,3.55,5.95,4.16,6.01,8.88,5.00,6.63,5.87,120
,2022,MLT,Malta,7.82,15,1,2.81,30.46,6.46,13.48,10.00,10.43,7.00,35.00,7.00,35.00,7.00,6.79,6.61,82,6.76,6.03,8.41,10.00,7.77,5.18,5.24,6.39,0.94,6.77,35,8.25,8.76,9.38,1.54,7.54,6.15,10.00,8.79,24,9.67,0.49,8.98,5.10,6.84,7.91,8.50,8.53,8.92,8.72,10.00,10.00,7.69,9.16,8.54,8.85,9.02,4,10.00,8.22,10.00,9.41,6.12,7.50,7.32,8.00,10.00,10.00,6.77,7.96,4.79,6.44,7.31,7.97,6.63,7.32,8.00,7.50,7.60,7.90,15
,2022,MMR,Myanmar,4.54,160,4,4.54,24.55,9.89,0.92,6.59,26.95,9.00,25.00,9.00,25.00,9.00,3.73,6.75,75,3.54,2.09,2.56,2.50,3.84,0.94,7.36,2.80,0.88,3.02,149,7.89,10.57,7.67,5.83,3.51,16.23,0.00,4.77,151,9.51,0.73,8.48,7.60,6.72,8.21,8.24,2.49,0.89,1.69,3.05,1.46,0.77,0.22,1.29,0.93,3.48,160,0.00,4.70,9.00,4.57,8.20,5.76,,8.00,4.01,0.00,0.00,4.33,4.95,3.56,1.80,7.17,4.37,5.53,9.48,1.25,5.42,4.67,153
,2022,MNE,Montenegro,7.15,53,2,6.09,19.30,,,5.18,31.88,10.00,17.00,5.00,36.00,7.50,7.98,6.69,77,6.16,4.57,5.28,,6.94,3.65,7.68,6.69,0.94,5.68,62,8.98,5.10,8.08,4.80,4.78,13.04,10.00,7.96,74,7.80,3.30,9.26,3.70,7.90,5.25,8.32,7.86,9.29,8.58,10.00,2.50,6.92,9.05,6.54,6.25,8.29,47,10.00,0.61,7.00,5.87,7.08,7.63,6.47,10.00,7.76,10.00,6.46,7.91,5.00,6.67,6.61,5.82,6.02,8.03,9.25,8.75,8.67,7.12,44
,2022,MNG,Mongolia,6.86,69,2,5.54,21.16,4.81,19.53,6.89,25.90,10.00,10.00,7.00,31.00,8.50,7.22,6.59,84,5.27,3.91,3.68,8.33,6.21,6.88,9.11,5.03,1.00,6.05,49,8.30,8.50,7.80,5.49,3.94,15.15,10.00,7.51,88,8.79,1.82,8.96,5.20,8.98,2.55,8.91,6.24,2.59,4.42,10.00,5.88,6.15,6.57,4.79,5.85,7.29,80,,7.01,9.00,8.00,6.95,7.83,7.79,6.00,9.25,3.00,4.46,6.47,3.01,6.00,7.08,6.75,5.71,5.53,8.68,7.50,7.24,6.85,58
,2022,MOZ,Mozambique,5.86,125,4,6.43,18.14,9.35,2.87,8.44,20.47,7.00,32.00,5.00,38.00,6.00,5.24,7.09,56,4.47,3.09,3.37,7.50,5.54,1.53,7.54,3.39,0.94,4.42,109,8.63,6.87,9.31,1.71,5.89,10.28,0.00,5.96,133,8.92,1.62,7.94,10.30,7.03,7.42,7.97,4.54,7.40,5.97,10.00,2.50,0.00,1.19,5.28,2.24,6.54,115,10.00,4.07,9.00,7.69,4.17,1.25,5.44,6.00,0.00,0.00,3.17,2.86,3.30,3.33,4.44,6.38,4.36,5.83,8.98,3.75,6.19,5.28,142
,2022,MRT,Mauritania,5.91,120,3,4.37,25.15,,,10.00,10.98,5.00,40.00,5.00,40.00,5.00,6.31,6.42,94,3.29,3.08,3.80,,2.90,4.82,7.59,4.37,0.47,3.14,146,9.25,3.75,8.30,4.25,6.19,9.53,5.00,7.18,101,,,7.60,12.00,7.02,7.44,7.31,4.15,5.57,4.86,10.00,3.31,2.31,10.00,4.27,4.97,6.79,104,10.00,8.69,9.00,9.23,4.03,5.22,6.02,8.00,7.94,5.00,4.70,5.85,2.54,3.56,3.15,4.74,3.50,4.91,9.21,2.50,5.54,6.03,114
,2022,MUS,Mauritius,7.79,17,1,6.32,18.52,7.77,8.69,8.59,19.92,10.00,15.00,9.00,23.00,9.50,7.70,7.98,21,6.93,6.63,7.35,,6.23,5.58,9.48,6.82,1.00,7.00,30,8.79,6.06,8.51,3.73,5.69,10.77,10.00,8.25,58,9.85,0.22,9.84,0.80,8.56,3.59,9.42,8.25,8.54,8.40,10.00,7.25,4.62,10.00,7.01,7.22,8.76,20,8.00,3.47,9.00,6.82,7.08,6.75,6.24,10.00,8.50,10.00,5.30,7.70,5.02,8.44,3.25,6.72,5.86,8.09,9.36,5.00,7.48,6.96,52
,2022,MWI,Malawi,5.48,140,4,8.85,9.92,9.46,2.50,1.31,45.41,6.00,40.00,4.00,50.00,5.00,7.65,6.45,91,5.83,3.27,3.50,5.83,6.34,2.42,8.55,3.85,0.88,4.66,99,6.47,17.65,7.65,5.88,1.62,20.95,5.00,5.18,146,8.45,2.32,7.56,12.20,6.00,10.00,7.34,4.60,5.02,4.81,2.55,2.50,0.77,10.00,4.26,4.38,4.77,153,10.00,5.23,10.00,8.41,3.91,4.53,6.89,10.00,5.68,10.00,4.06,6.44,4.40,4.00,7.16,6.55,5.53,3.99,8.41,2.50,4.97,6.34,92
,2022,MYS,Malaysia,7.56,29,1,6.81,16.84,8.22,7.05,7.95,22.17,9.00,30.00,9.00,30.00,9.00,4.76,7.35,44,6.13,6.25,7.51,7.50,6.38,5.49,8.63,7.44,0.65,5.70,61,9.97,0.14,8.65,3.38,8.65,3.38,10.00,9.32,6,9.85,0.23,8.88,5.60,4.53,13.66,7.75,7.20,8.54,7.87,10.00,5.84,0.77,10.00,7.09,5.92,7.89,63,10.00,7.60,9.00,8.87,8.75,4.62,7.33,10.00,4.24,10.00,5.65,7.23,6.67,9.56,4.12,7.77,7.03,6.08,10.00,5.00,7.03,7.54,25
,2022,NAM,Namibia,6.23,99,3,5.04,22.86,9.17,3.55,10.00,14.41,6.00,37.00,6.00,37.00,6.00,6.58,7.36,42,6.73,5.86,4.62,10.00,7.31,3.66,4.63,3.97,0.94,5.68,63,8.49,7.54,8.91,2.72,7.57,6.08,0.00,6.24,128,3.33,10.01,8.48,7.60,5.68,10.79,5.83,5.20,5.27,5.24,10.00,3.31,0.77,10.00,3.08,4.29,6.34,123,10.00,0.00,10.00,6.67,5.00,4.14,6.15,10.00,8.27,10.00,2.33,6.55,4.80,4.22,8.81,3.31,5.29,2.67,8.31,0.00,3.66,5.54,134
,2022,NER,Niger,5.70,131,4,5.95,19.77,9.84,1.09,4.89,32.89,7.00,35.00,3.00,46.00,5.00,6.25,6.39,98,5.79,4.26,3.41,3.33,5.30,5.55,7.32,3.88,0.47,3.57,134,9.09,4.54,9.38,1.54,8.31,4.23,0.00,6.70,113,3.82,9.27,7.60,12.00,7.07,7.32,6.16,5.00,4.38,4.69,10.00,3.31,0.77,2.05,2.50,2.16,5.75,142,10.00,6.03,5.00,7.01,3.33,4.94,,8.00,7.38,0.00,5.00,4.78,5.56,4.44,6.75,5.18,5.48,6.76,9.26,5.00,7.01,6.07,111
,2022,NGA,Nigeria,5.96,113,3,9.92,6.28,9.87,0.99,10.00,12.06,9.00,24.00,5.00,38.00,7.00,7.13,8.78,4,4.93,3.00,3.53,3.33,4.35,3.99,4.55,2.17,0.88,3.51,137,7.88,10.60,9.49,1.28,2.46,18.85,10.00,7.46,90,,,7.60,12.00,7.07,7.32,7.34,4.40,0.57,2.49,0.00,4.00,5.38,1.94,5.20,4.13,3.49,159,10.00,5.43,10.00,8.48,8.75,7.50,7.72,10.00,10.00,10.00,5.44,8.49,2.85,3.56,2.80,4.33,3.38,3.95,9.20,4.46,5.87,6.55,83
,2022,NIC,Nicaragua,6.42,94,3,7.44,14.70,9.99,0.52,2.52,41.17,8.00,30.00,3.00,47.00,5.50,6.04,6.30,105,2.78,1.83,3.29,3.33,2.25,3.22,6.97,3.80,1.00,3.43,139,9.31,3.47,9.08,2.30,5.81,10.47,10.00,8.55,41,9.60,0.60,8.88,5.60,7.13,7.17,8.54,7.00,6.07,6.53,10.00,7.50,5.38,8.83,4.38,6.52,7.90,62,10.00,10.00,9.00,9.67,5.83,5.63,5.53,2.00,6.26,10.00,5.05,5.76,3.32,3.11,1.04,5.12,3.15,3.79,7.24,4.46,5.16,5.93,119
,2022,NLD,Netherlands,7.74,18,1,0.91,36.91,2.94,26.40,9.96,15.14,3.00,50.00,3.00,50.00,3.00,7.78,4.92,154,8.10,8.65,9.24,10.00,9.28,7.71,7.95,8.38,1.00,8.66,7,7.91,10.45,9.46,1.36,6.00,10.00,10.00,8.34,53,9.67,0.49,8.98,5.10,6.84,7.91,8.50,8.04,9.98,9.01,10.00,10.00,8.46,9.16,8.71,9.08,9.15,3,5.00,9.14,9.00,7.71,5.83,6.27,5.18,10.00,7.53,10.00,6.91,7.39,5.66,7.11,8.19,6.83,6.95,8.09,8.29,8.75,8.37,7.61,23
,2022,NOR,Norway,7.58,28,1,1.04,36.48,5.88,15.63,7.96,22.14,7.00,39.00,4.00,54.00,5.50,7.08,5.49,139,8.46,8.61,8.97,10.00,9.47,8.20,9.12,8.99,1.00,8.98,3,8.89,5.54,4.85,12.88,7.70,5.76,10.00,7.86,78,9.94,0.09,8.96,5.20,0.04,24.91,6.31,7.71,9.85,8.78,10.00,10.00,4.62,9.16,8.33,8.03,8.28,48,10.00,10.00,5.00,8.33,6.12,7.50,4.73,6.00,10.00,0.00,6.43,5.83,4.75,6.89,9.61,7.51,7.19,8.09,9.13,6.25,7.82,7.29,34
,2022,NPL,Nepal,6.54,86,3,9.11,9.01,8.19,7.15,8.26,21.08,5.00,36.00,5.00,36.00,5.00,7.18,7.55,33,4.97,4.26,4.80,,6.72,1.67,7.98,5.05,0.94,4.92,86,7.71,11.43,9.43,1.43,6.94,7.65,5.00,7.27,97,3.64,9.54,7.48,12.60,3.30,16.76,4.80,2.43,7.94,5.19,10.00,2.75,0.00,10.00,3.21,3.99,6.00,132,8.00,10.00,10.00,9.33,5.83,3.80,5.60,10.00,2.60,10.00,4.62,6.07,3.55,7.11,6.10,4.14,5.22,5.39,8.98,7.50,7.29,6.98,50
,2022,NZL,"New Zealand",8.39,4,1,3.95,26.58,5.27,17.86,9.06,18.28,6.00,39.00,6.00,39.00,6.00,7.69,6.39,97,8.64,8.79,9.05,10.00,8.25,8.06,9.90,9.34,1.00,9.00,2,9.26,3.72,8.94,2.64,7.13,7.17,10.00,8.83,19,8.89,1.67,9.62,1.90,8.97,2.58,9.16,8.72,8.74,8.73,10.00,10.00,6.92,6.14,8.45,7.88,8.94,10,10.00,7.73,9.00,8.91,8.20,8.75,7.62,10.00,10.00,10.00,6.74,8.76,5.19,8.22,8.69,9.22,7.83,10.00,9.40,9.47,9.62,8.78,2
,2022,OMN,Oman,6.40,95,3,1.12,36.20,8.13,7.35,0.00,64.82,10.00,0.00,10.00,18.00,10.00,4.87,4.82,156,6.11,6.39,6.35,8.33,6.90,5.02,7.69,9.28,0.53,5.36,69,9.30,3.49,4.15,14.63,8.88,2.81,10.00,8.08,66,9.63,0.56,8.88,5.60,5.23,11.93,7.91,6.36,8.56,7.46,10.00,8.45,3.85,0.54,5.13,4.49,7.47,72,10.00,0.00,7.00,5.67,6.95,6.25,7.15,2.00,,10.00,4.43,6.13,5.66,5.56,6.43,8.37,6.50,6.83,8.88,4.44,6.72,6.25,96
,2022,PAK,Pakistan,5.62,134,4,8.56,10.91,9.22,3.37,8.78,19.26,7.00,35.00,7.00,35.00,7.00,6.67,8.04,18,5.30,3.36,4.59,2.50,4.84,3.17,6.64,3.62,0.71,3.63,133,8.52,7.40,8.33,4.19,2.05,19.87,0.00,4.72,152,7.93,3.10,7.94,10.30,5.47,11.33,7.11,3.74,4.33,4.04,10.00,3.31,0.77,0.54,6.22,2.71,5.97,133,8.00,4.56,10.00,7.52,3.05,2.55,5.48,6.00,2.60,10.00,5.04,4.96,4.65,5.56,2.43,4.66,4.33,4.89,8.87,4.44,6.06,5.72,129
,2022,PAN,Panama,7.62,23,1,5.85,20.12,8.46,6.16,10.00,10.80,9.00,25.00,4.00,42.00,6.50,7.56,7.67,29,4.72,4.73,6.67,8.33,5.50,3.85,8.82,5.23,0.94,5.81,57,8.17,9.16,9.29,1.78,8.86,2.86,10.00,9.08,8,9.64,0.54,8.98,5.10,6.21,9.49,8.28,6.69,8.90,7.79,10.00,10.00,10.00,10.00,7.60,9.40,8.87,14,8.00,7.77,10.00,8.59,3.62,4.56,5.99,4.00,4.13,10.00,4.61,5.27,3.95,5.56,6.61,3.96,5.02,8.06,9.20,6.25,7.84,6.68,73
,2022,PER,Peru,7.41,43,2,6.66,17.37,9.60,1.95,7.78,22.76,8.00,30.00,3.00,48.00,5.50,8.99,7.71,26,4.94,3.30,5.33,5.83,5.76,3.95,8.54,3.45,1.00,5.14,79,8.50,7.52,8.91,2.72,6.67,8.33,10.00,8.52,44,9.80,0.30,9.54,2.30,8.49,3.77,9.28,7.75,6.65,7.20,10.00,10.00,8.46,4.85,6.49,7.45,8.48,37,8.00,8.57,10.00,8.86,5.16,4.77,7.51,10.00,7.04,10.00,6.36,7.26,2.55,6.44,5.83,4.79,4.90,6.02,8.68,8.75,7.82,7.21,39
,2022,PHL,Philippines,7.01,59,2,6.91,16.51,8.52,5.92,8.83,19.10,7.00,35.00,7.00,32.00,7.00,7.88,7.83,23,4.99,3.75,6.66,4.17,4.67,4.46,7.93,2.92,0.82,4.51,105,9.22,3.92,9.26,1.86,7.67,5.82,10.00,9.04,11,6.39,5.41,8.78,6.10,7.27,6.83,7.48,6.75,5.09,5.92,10.00,4.73,0.77,10.00,5.20,5.17,7.14,87,8.00,6.82,10.00,8.27,6.38,5.01,6.99,10.00,2.52,10.00,6.34,6.75,3.32,4.89,3.62,6.54,4.59,5.92,8.96,4.44,6.44,6.51,87
,2022,PNG,"Papua New Guinea",6.02,108,3,3.49,28.12,7.48,9.75,7.52,23.68,4.00,42.00,4.00,42.00,4.00,6.10,5.72,136,6.46,5.71,3.09,7.50,5.58,3.01,6.93,0.80,0.82,4.45,108,9.57,-2.13,7.69,5.76,7.90,5.25,0.00,6.29,125,9.29,1.06,9.18,4.10,6.16,9.59,8.21,5.00,6.25,5.63,10.00,4.00,6.15,7.00,5.00,5.54,7.34,78,10.00,4.57,7.00,7.19,7.63,7.25,,10.00,7.01,10.00,5.00,7.82,4.37,2.89,4.10,6.34,4.43,5.87,7.38,3.75,5.67,6.27,95
,2022,POL,Poland,6.85,70,2,4.70,24.01,4.89,19.24,7.38,24.18,7.00,36.00,4.00,54.00,5.50,7.10,5.92,125,4.60,5.55,6.32,10.00,6.25,4.71,7.35,6.79,1.00,6.45,42,8.70,6.51,8.56,3.60,4.23,14.43,5.00,6.62,115,9.67,0.49,8.98,5.10,6.84,7.91,8.50,7.09,9.98,8.53,10.00,7.25,2.31,9.16,8.13,6.71,8.44,40,5.00,9.06,7.00,7.02,5.28,6.38,7.43,8.00,7.76,10.00,5.87,7.24,3.14,7.56,6.59,5.63,5.73,7.17,8.68,6.25,7.37,6.84,59
,2022,PRT,Portugal,7.59,27,1,5.45,21.48,4.67,20.05,10.00,11.86,4.00,53.00,1.00,66.00,2.50,8.36,6.20,112,7.18,5.72,8.27,10.00,8.20,4.48,7.41,7.74,1.00,7.38,25,7.72,11.41,9.40,1.51,6.87,7.83,10.00,8.50,45,9.67,0.49,8.98,5.10,6.84,7.91,8.50,7.42,9.98,8.70,10.00,10.00,6.15,9.16,8.54,8.46,8.92,12,5.00,9.83,9.00,7.94,3.62,6.02,6.05,6.00,7.04,10.00,7.03,6.54,3.48,6.67,7.09,6.14,5.84,8.07,8.31,6.25,7.54,6.97,51
,2022,PRY,Paraguay,6.98,62,2,7.42,14.77,8.87,4.63,7.48,23.82,10.00,10.00,7.00,32.00,8.50,8.15,8.09,17,4.59,3.30,5.13,2.50,4.76,3.29,8.54,2.67,1.00,4.35,113,8.92,5.41,8.80,3.01,6.09,9.77,10.00,8.45,47,9.11,1.33,8.08,9.60,6.77,8.06,7.99,5.44,5.96,5.70,10.00,6.45,3.08,7.22,6.87,5.90,7.40,74,8.00,8.70,9.00,8.57,6.53,3.80,6.76,6.00,2.60,3.00,7.54,5.18,4.28,4.89,5.01,5.38,4.89,7.08,8.94,7.50,7.84,6.62,80
,2022,QAT,Qatar,6.71,78,2,0.06,39.78,9.61,1.92,,,10.00,0.00,10.00,14.00,10.00,3.60,5.82,132,6.04,6.59,7.06,6.67,6.66,4.93,9.88,8.96,0.53,5.43,67,9.80,1.01,2.90,17.75,8.00,5.00,10.00,7.67,83,9.31,1.03,9.06,4.70,7.54,6.16,8.64,7.07,7.47,7.27,10.00,8.75,4.62,9.27,7.92,7.64,8.39,43,5.00,10.00,5.00,6.67,7.50,4.10,7.40,4.00,4.82,3.00,5.89,5.24,6.61,7.33,4.63,8.52,6.77,6.16,9.49,2.94,6.20,6.22,97
,2022,ROU,Romania,7.41,43,2,5.61,20.92,6.37,13.81,8.74,19.42,10.00,10.00,4.00,45.00,7.00,7.25,6.99,63,6.17,5.18,6.79,8.33,6.22,5.02,9.30,7.05,1.00,6.76,37,8.52,7.41,8.52,3.69,4.48,13.80,10.00,7.88,77,9.67,0.49,8.98,5.10,6.84,7.91,8.50,7.35,9.97,8.66,10.00,8.15,3.85,9.16,6.88,7.01,8.54,32,8.00,5.83,9.00,7.61,4.45,8.75,6.93,8.00,10.00,10.00,6.99,7.87,3.33,5.33,6.58,7.84,5.77,6.09,6.67,6.25,6.34,6.90,54
,2022,RUS,"Russian Federation",5.93,119,3,3.89,26.78,5.30,17.75,8.02,21.93,10.00,15.00,7.00,31.00,8.50,4.55,6.05,118,4.26,3.20,4.17,5.83,4.19,4.22,9.70,4.45,0.88,4.71,96,7.81,10.93,6.93,7.68,4.49,13.77,10.00,7.31,95,6.63,5.06,8.68,6.60,7.02,7.46,7.44,4.28,6.93,5.61,8.15,2.44,1.54,6.14,2.73,3.21,6.10,129,5.00,10.00,9.00,8.00,4.44,7.46,7.82,6.00,8.50,3.00,4.34,5.94,3.70,0.00,3.15,5.36,3.05,3.69,8.23,2.58,4.83,5.46,136
,2022,RWA,Rwanda,6.45,92,3,6.26,18.70,8.83,4.78,0.57,48.00,8.00,30.00,5.00,36.00,6.50,2.56,4.94,153,4.50,5.11,5.53,,4.76,4.90,9.83,6.80,1.00,5.92,52,8.21,8.97,7.36,6.60,2.92,17.69,10.00,7.12,102,8.53,2.21,7.36,13.20,4.72,13.20,6.87,5.47,5.72,5.60,10.00,6.23,8.46,10.00,5.81,7.62,7.52,71,5.00,4.77,9.00,6.26,8.75,6.00,6.86,10.00,7.01,10.00,5.41,7.72,6.15,7.33,4.86,6.99,6.33,6.84,9.32,3.88,6.68,6.75,67
,2022,SAU,"Saudi Arabia",7.03,58,2,0.95,36.77,7.79,8.60,10.00,14.84,10.00,0.00,10.00,20.00,10.00,3.15,6.38,99,5.38,4.85,7.69,8.33,6.52,4.82,9.97,9.37,0.88,6.70,39,9.79,1.06,5.80,10.49,9.01,2.47,10.00,8.65,36,9.13,1.30,8.74,6.30,0.10,24.76,5.99,6.84,7.41,7.13,10.00,6.46,0.77,6.03,5.53,4.70,6.95,98,5.00,7.57,10.00,7.52,6.11,4.13,7.73,6.00,4.39,10.00,3.60,5.99,6.13,5.78,3.80,9.42,6.28,6.15,9.29,2.94,6.13,6.48,89
,2022,SDN,Sudan,4.11,163,4,6.37,18.33,9.42,2.63,10.00,7.16,10.00,15.00,7.00,34.00,8.50,5.91,8.04,19,3.78,2.94,2.45,0.83,3.44,1.90,8.94,0.80,0.29,2.03,163,0.00,67.98,0.00,81.95,0.00,138.81,5.00,1.25,163,5.45,6.83,5.68,21.60,3.87,15.34,5.00,2.50,0.92,1.71,10.00,4.82,6.15,0.97,5.00,4.23,5.24,149,,6.79,0.00,3.40,5.42,3.76,,8.00,2.52,0.00,2.50,3.70,3.69,4.00,2.90,6.49,4.27,4.05,6.76,2.94,4.58,3.99,162
,2022,SEN,Senegal,5.99,110,3,5.96,19.74,8.78,4.98,8.34,20.82,5.00,43.00,5.00,43.00,5.00,7.10,7.03,61,5.05,4.25,5.13,4.17,5.97,2.93,6.89,5.96,0.65,4.15,121,8.22,8.91,8.88,2.81,6.12,9.70,0.00,5.80,139,7.58,3.63,7.60,12.00,7.07,7.32,7.42,5.23,6.23,5.73,10.00,3.77,0.77,6.36,6.12,4.26,6.85,101,10.00,7.95,5.00,7.65,2.50,6.10,6.43,4.00,7.19,0.00,6.85,4.72,4.50,5.11,6.43,3.92,4.99,8.02,8.02,5.00,7.01,6.09,108
,2022,SGP,Singapore,8.55,2,1,4.37,25.13,9.08,3.87,9.19,17.84,10.00,22.00,10.00,22.00,10.00,3.97,7.32,47,6.53,7.49,9.47,8.33,8.30,8.55,8.96,9.59,1.00,8.40,11,9.08,4.60,8.20,4.49,7.55,6.12,10.00,8.71,31,10.00,0.00,10.00,0.00,10.00,0.00,10.00,9.18,9.20,9.19,10.00,10.00,6.92,10.00,9.27,9.05,9.56,2,10.00,10.00,10.00,10.00,8.75,8.75,8.39,10.00,10.00,0.00,5.59,7.35,7.44,9.56,9.57,9.64,9.05,8.11,9.99,7.50,8.54,8.73,3
,2022,SLE,"Sierra Leone",5.59,137,4,8.71,10.37,10.00,0.14,4.48,34.32,8.00,30.00,5.00,40.00,6.50,7.31,7.40,39,5.15,3.70,4.60,4.17,6.01,3.34,5.46,4.57,0.94,4.49,106,6.67,16.63,7.06,7.34,0.00,27.21,5.00,4.68,154,7.64,3.54,7.60,12.00,7.07,7.32,7.44,4.70,4.23,4.47,10.00,3.31,0.00,10.00,5.12,4.61,6.63,111,2.00,0.00,8.00,3.33,4.17,2.50,,8.00,0.00,10.00,5.11,4.96,2.82,3.33,7.25,5.58,4.74,6.17,7.91,3.75,5.94,4.75,151
,2022,SLV,"El Salvador",7.01,59,2,6.69,17.25,9.29,3.12,10.00,9.30,8.00,30.00,8.00,30.00,8.00,8.22,8.44,13,3.32,2.89,4.69,4.17,3.36,3.58,8.17,1.29,1.00,3.93,125,9.02,4.89,8.70,3.24,7.12,7.20,10.00,8.71,30,9.19,1.22,8.82,5.90,6.88,7.79,8.30,6.36,8.54,7.45,10.00,7.25,3.08,8.51,5.85,6.17,7.98,60,8.00,8.26,10.00,8.75,4.72,3.80,7.32,6.00,2.60,3.00,6.41,4.84,2.46,4.22,3.50,6.56,4.19,6.46,5.85,6.41,6.24,6.00,118
,2022,SOM,Somalia,5.95,116,3,10.00,5.38,9.77,1.35,,,7.00,35.00,,,7.00,8.03,8.70,9,4.63,0.83,0.89,1.67,1.88,0.00,5.99,0.00,0.65,1.63,165,,,8.99,2.52,7.28,6.79,10.00,8.76,27,8.81,1.79,6.88,15.60,6.51,8.74,7.40,0.00,5.07,2.53,10.00,0.00,10.00,10.00,2.50,5.63,6.39,121,,,,,7.50,5.01,,8.00,2.52,10.00,2.50,5.92,,0.00,2.59,0.00,0.86,4.54,,7.50,6.02,4.27,160
,2022,SRB,Serbia,6.70,79,2,6.13,19.16,3.93,22.78,5.72,29.98,10.00,15.00,6.00,38.00,8.00,7.36,6.23,110,5.38,3.77,4.93,6.67,5.89,3.38,8.52,5.06,1.00,5.45,65,8.01,9.95,8.58,3.54,5.21,11.98,5.00,6.70,112,9.53,0.70,8.54,7.30,7.20,7.01,8.42,6.63,9.75,8.19,10.00,5.91,1.54,8.51,6.57,5.63,8.06,57,8.00,7.89,10.00,8.63,3.62,7.50,6.79,10.00,7.51,10.00,5.12,7.22,3.49,6.44,7.19,6.24,5.84,5.38,9.29,5.00,6.56,7.06,48
,2022,SUR,Suriname,5.46,141,4,6.44,18.12,8.58,5.69,7.84,22.57,5.00,38.00,5.00,40.00,5.00,5.58,6.69,76,5.85,4.51,4.38,5.00,5.57,1.37,4.46,4.12,0.94,4.28,117,3.38,33.09,1.40,21.49,0.00,52.45,10.00,3.70,158,8.39,2.42,7.92,10.40,6.13,9.67,7.48,5.78,6.83,6.31,10.00,3.31,0.00,1.72,5.91,2.74,6.63,109,8.00,3.94,5.00,5.65,6.53,6.00,,10.00,7.01,10.00,5.32,7.48,2.90,3.33,5.81,5.13,4.30,5.07,7.28,7.50,6.62,6.01,116
,2022,SVK,"Slovak Republic",7.39,45,2,4.38,25.12,4.60,20.33,10.00,15.01,9.00,25.00,2.00,52.00,5.50,8.18,6.53,86,5.62,5.09,6.59,10.00,6.99,4.38,9.69,5.74,1.00,6.76,36,7.92,10.39,9.07,2.31,4.89,12.77,10.00,7.97,72,9.67,0.49,8.98,5.10,6.84,7.91,8.50,6.80,9.98,8.39,10.00,8.13,3.85,9.16,8.94,7.52,8.60,29,10.00,6.42,9.00,8.47,5.28,7.63,6.59,8.00,7.76,10.00,5.63,7.27,2.31,7.33,7.92,6.42,6.00,6.69,6.03,7.10,6.60,7.09,46
,2022,SVN,Slovenia,7.14,54,2,3.96,26.52,4.75,19.75,7.14,25.00,5.00,45.00,1.00,63.00,3.00,6.86,5.14,148,6.02,5.94,6.78,9.17,7.16,5.86,8.32,7.93,0.94,6.94,32,7.93,10.35,9.19,2.03,6.47,8.83,10.00,8.40,52,9.67,0.49,8.98,5.10,6.84,7.91,8.50,7.14,9.98,8.56,10.00,8.50,3.08,9.16,6.24,6.75,8.45,39,5.00,8.72,9.00,7.57,3.62,5.75,6.07,8.00,8.13,10.00,4.68,6.61,2.65,7.56,8.32,7.44,6.49,6.78,6.88,5.71,6.46,6.78,64
,2022,SWE,Sweden,7.61,25,1,1.08,36.33,5.30,17.74,9.23,17.68,2.00,52.00,0.00,63.00,1.00,7.76,4.87,155,8.22,8.14,8.77,9.17,8.55,7.41,8.45,7.91,1.00,8.33,12,8.80,5.98,9.34,1.66,6.65,8.37,10.00,8.70,34,9.67,0.49,8.98,5.10,6.84,7.91,8.50,7.27,9.93,8.60,10.00,10.00,3.08,9.16,8.80,7.76,8.71,23,10.00,10.00,4.00,8.00,6.29,7.05,4.30,6.00,10.00,5.00,5.62,6.32,4.59,6.67,9.80,8.07,7.28,8.06,9.01,7.50,8.19,7.45,28
,2022,SWZ,Eswatini,5.42,142,4,5.23,22.22,9.78,1.30,0.00,59.52,7.00,33.00,7.00,33.00,7.00,4.22,5.25,146,4.67,4.43,3.00,,3.42,0.80,7.20,4.51,0.53,3.06,148,9.18,4.08,8.60,3.51,8.08,4.80,5.00,7.72,82,3.33,10.00,8.48,7.60,5.68,10.79,5.83,2.90,3.28,3.09,10.00,0.81,1.54,9.27,3.07,3.67,5.65,144,8.00,7.86,9.00,8.29,4.45,3.45,5.87,10.00,6.89,10.00,1.90,6.08,4.04,3.78,1.86,4.32,3.50,2.62,8.68,0.00,3.77,5.41,138
,2022,SYC,Seychelles,6.98,62,2,0.00,41.99,7.54,9.54,0.00,60.75,8.00,30.00,8.00,30.00,8.00,5.47,4.20,163,6.42,5.65,5.60,,8.82,4.57,7.08,6.18,0.94,6.14,48,8.89,5.55,8.14,4.65,8.95,2.63,10.00,8.99,14,9.53,0.70,9.50,2.50,5.76,10.60,8.26,7.93,5.33,6.63,10.00,8.75,8.46,10.00,6.73,8.49,8.35,46,5.00,4.40,10.00,6.47,6.95,6.27,5.82,8.00,7.53,10.00,6.48,7.29,5.17,5.78,8.60,8.27,6.95,6.59,9.08,8.75,8.14,7.21,38
,2022,SYR,"Syrian Arab Republic",4.28,162,4,8.67,10.51,8.97,4.29,2.92,39.77,9.00,22.00,5.00,38.00,7.00,3.99,6.31,103,3.02,1.82,3.07,3.33,4.55,1.61,4.09,2.18,0.53,2.26,161,8.80,6.00,7.47,6.33,0.00,98.33,10.00,6.57,116,8.37,2.45,7.84,10.80,4.82,12.96,7.01,6.37,2.81,4.59,0.00,0.40,0.83,0.00,2.50,0.93,3.13,162,2.00,,,2.00,7.37,8.75,,6.00,10.00,0.00,1.12,5.54,,0.00,1.38,4.37,1.92,2.91,,3.36,3.13,3.15,163
,2022,TCD,Chad,5.05,151,4,10.00,5.35,9.92,0.80,2.52,41.17,8.00,30.00,8.00,30.00,8.00,7.28,7.54,34,2.57,2.16,3.21,,2.03,2.36,6.79,3.34,0.53,2.45,156,8.39,8.07,6.57,8.59,7.68,5.79,0.00,5.66,141,,,6.38,18.10,6.16,9.59,6.27,4.46,0.77,2.62,10.00,2.06,1.54,1.62,2.98,2.05,5.23,150,2.00,7.03,10.00,6.34,3.75,3.97,6.10,6.00,7.94,3.00,2.64,4.77,3.64,0.67,0.34,1.58,1.55,3.45,7.20,3.75,4.80,4.37,158
,2022,TGO,Togo,6.07,107,3,7.32,15.11,9.81,1.19,3.35,38.29,7.00,35.00,,,7.00,7.12,6.92,68,4.77,2.30,4.42,4.17,4.69,4.45,8.81,5.00,1.00,4.83,89,8.98,5.10,9.37,1.57,6.81,7.97,0.00,6.29,126,6.55,5.17,7.60,12.00,7.07,7.32,7.08,5.00,3.29,4.15,10.00,4.56,0.77,1.72,7.50,3.64,6.21,125,10.00,5.88,5.00,6.96,3.33,6.00,,8.00,7.01,0.00,5.00,4.89,4.38,4.00,7.49,6.61,5.62,6.20,8.15,6.25,6.87,6.08,109
,2022,THA,Thailand,6.94,65,2,4.55,24.54,8.94,4.40,6.97,25.61,7.00,35.00,7.00,35.00,7.00,6.88,6.87,70,5.49,4.61,7.77,3.33,4.52,5.17,7.46,4.68,0.94,5.22,73,9.20,3.99,9.16,2.10,7.57,6.08,10.00,8.98,15,9.67,0.49,8.06,9.70,4.34,14.16,7.36,6.60,7.99,7.29,10.00,5.84,1.54,1.19,6.18,3.69,7.08,91,8.00,7.98,9.00,8.33,6.53,4.43,5.64,10.00,1.37,0.00,5.58,4.79,4.58,6.00,2.68,7.47,5.18,8.07,9.08,6.25,7.80,6.52,85
,2022,TJK,Tajikistan,6.46,90,3,8.07,12.55,8.72,5.21,0.00,60.13,10.00,13.00,7.00,31.00,8.50,3.62,5.78,133,4.01,2.95,4.05,,2.46,2.84,8.46,5.49,0.88,4.07,122,9.77,1.15,9.19,2.02,7.34,6.64,10.00,9.08,9,9.17,1.25,8.40,8.00,7.41,6.48,8.32,6.41,4.54,5.47,10.00,3.70,6.15,6.46,3.51,4.96,7.19,84,8.00,9.65,8.00,8.55,6.53,6.38,7.37,8.00,7.76,0.00,4.19,5.75,5.62,2.89,1.28,4.99,3.70,6.77,8.35,5.00,6.71,6.18,100
,2022,TLS,Timor-Leste,5.77,130,4,0.00,43.81,8.26,6.87,0.00,71.23,10.00,10.00,10.00,10.00,10.00,5.00,4.65,158,5.77,4.74,2.66,,6.03,0.00,,3.40,1.00,3.77,129,8.45,7.77,0.00,28.04,7.20,7.01,10.00,6.41,122,9.73,0.41,9.50,2.50,9.84,0.40,9.69,4.64,5.05,4.84,10.00,6.70,8.46,10.00,2.50,6.92,7.86,64,,3.85,8.00,5.92,3.62,5.26,,8.00,5.51,10.00,5.80,6.36,5.58,5.56,6.87,6.19,6.05,6.14,7.54,5.00,6.23,6.14,105
,2022,TTO,"Trinidad and Tobago",6.64,83,2,6.00,19.59,7.10,11.15,,,9.00,30.00,6.00,45.00,7.50,6.53,6.78,74,6.59,5.09,6.48,8.33,5.49,1.48,6.24,2.20,0.94,5.08,82,9.29,3.56,5.48,11.30,7.67,5.83,10.00,8.11,63,8.90,1.65,8.34,8.30,5.05,12.37,7.43,5.46,6.18,5.82,7.06,7.09,4.62,9.37,8.02,7.27,6.90,99,8.00,4.70,5.00,5.90,7.50,5.07,6.05,10.00,5.14,10.00,4.53,6.90,3.46,6.22,7.03,6.32,5.76,7.41,6.78,6.25,6.81,6.34,91
,2022,TUN,Tunisia,5.94,118,3,5.41,21.62,6.41,13.67,4.67,33.65,5.00,36.00,2.00,53.00,3.50,6.52,5.30,144,4.35,4.01,5.29,5.00,6.03,4.94,7.33,5.39,0.71,4.51,104,8.33,8.34,9.53,1.17,6.68,8.31,5.00,7.38,92,8.83,1.75,6.10,19.50,3.92,15.21,6.28,5.08,8.09,6.59,9.17,3.31,0.77,9.37,5.22,4.67,6.68,107,5.00,5.62,10.00,6.87,4.30,4.01,5.47,10.00,5.51,3.00,3.89,5.17,3.18,5.33,6.36,6.69,5.39,4.92,8.74,3.75,5.80,5.81,126
,2022,TUR,TÃ¼rkiye,5.57,138,4,6.79,16.90,7.52,9.59,10.00,13.30,5.00,40.00,2.00,55.00,3.50,7.06,6.98,65,3.96,3.53,6.46,3.33,4.35,3.84,8.93,5.29,0.94,4.81,90,3.20,33.98,0.00,35.19,0.00,72.31,10.00,3.30,159,9.55,0.67,6.64,16.80,0.00,25.37,5.40,6.53,9.57,8.05,10.00,4.02,2.31,7.87,6.67,5.22,7.17,86,5.00,8.97,4.00,5.99,5.28,2.51,7.10,8.00,2.52,5.00,5.18,5.08,4.41,4.67,2.02,5.30,4.10,6.80,9.28,5.69,7.26,5.61,133
,2022,TWN,Taiwan,7.71,19,1,4.90,23.35,9.09,3.85,9.84,15.55,6.00,40.00,6.00,40.00,6.00,7.55,7.47,37,6.73,6.28,8.81,6.67,8.12,6.67,7.89,7.66,1.00,7.35,26,9.15,4.27,9.09,2.28,8.78,3.05,5.00,8.00,70,9.67,0.49,8.70,6.50,4.31,14.24,7.56,7.51,8.76,8.14,10.00,7.50,,5.82,8.01,7.11,8.20,50,5.00,8.33,9.00,7.44,5.99,5.63,8.33,10.00,6.26,5.00,4.92,6.59,4.90,9.11,9.27,7.51,7.70,8.04,9.58,7.50,8.37,7.53,27
,2022,TZA,Tanzania,6.40,95,3,7.91,13.12,7.99,7.86,1.99,43.05,8.00,30.00,4.00,45.00,6.00,6.91,6.16,116,5.76,4.70,4.05,5.83,6.92,4.11,7.02,5.08,0.88,5.11,81,9.30,3.48,9.25,1.89,8.26,4.35,5.00,7.95,75,7.95,3.08,7.22,13.90,3.44,16.40,6.20,3.76,0.80,2.28,10.00,3.31,1.54,10.00,4.99,4.96,5.86,137,8.00,9.92,9.00,8.97,5.28,6.64,5.95,10.00,8.27,5.00,3.16,6.33,4.61,3.56,8.63,5.09,5.47,6.75,7.91,6.25,6.97,6.94,53
,2022,UGA,Uganda,6.75,76,2,8.20,12.13,10.00,0.11,6.28,28.02,5.00,40.00,3.00,50.00,4.00,7.14,7.12,54,4.55,3.90,5.03,3.33,5.16,3.68,7.92,3.86,0.82,4.27,118,8.86,5.69,9.57,1.08,7.12,7.20,10.00,8.89,18,7.49,3.76,6.32,18.40,0.00,27.23,4.60,4.47,4.62,4.55,10.00,6.23,8.46,10.00,5.88,7.64,6.70,106,8.00,7.17,9.00,8.06,7.50,7.50,8.15,8.00,10.00,10.00,5.65,8.11,4.48,4.44,3.90,5.16,4.50,5.33,9.06,5.00,6.46,6.78,63
,2022,UKR,Ukraine,5.12,150,4,0.97,36.70,4.41,21.01,8.15,21.46,10.00,20.00,7.00,34.00,8.50,7.14,5.83,131,4.08,3.31,3.18,6.67,5.56,2.85,9.16,3.56,0.82,4.37,112,6.14,19.29,5.63,10.92,1.93,20.18,5.00,4.68,155,9.61,0.58,9.12,4.40,8.01,4.97,8.91,5.21,7.24,6.22,5.47,2.50,0.00,8.08,3.83,3.60,6.05,131,5.00,0.26,4.00,3.09,4.03,7.13,5.78,6.00,9.25,0.00,5.15,5.33,4.39,4.44,5.27,3.16,4.32,5.52,9.73,2.58,5.94,4.67,152
,2022,URY,Uruguay,7.04,57,2,5.58,21.04,5.67,16.38,7.10,25.14,7.00,36.00,6.00,44.00,6.50,7.37,6.45,92,7.52,6.77,7.15,5.83,6.24,3.05,6.45,5.02,0.94,5.83,55,7.63,11.86,8.65,3.38,6.36,9.10,10.00,8.16,61,8.51,2.23,7.98,10.10,6.89,7.78,7.79,5.39,6.57,5.98,10.00,8.75,8.46,7.76,7.70,8.17,7.99,59,5.00,7.70,10.00,7.57,5.70,3.56,1.61,8.00,4.61,10.00,7.31,5.83,3.18,7.33,7.91,7.84,6.56,7.38,6.59,7.50,7.16,6.78,65
,2022,USA,"United States",8.09,5,1,6.78,16.93,5.69,16.30,9.86,15.50,5.00,40-53,5.00,40-53,5.00,9.44,7.35,43,7.80,7.64,8.80,6.67,6.92,7.84,8.92,7.65,1.00,7.78,18,8.28,8.62,9.06,2.36,6.80,8.00,10.00,8.53,42,9.02,1.47,9.34,3.30,6.55,8.61,8.30,7.01,9.80,8.40,10.00,10.00,3.85,0.54,8.58,5.74,8.11,53,10.00,7.79,9.00,8.93,9.45,10.00,7.79,10.00,10.00,10.00,6.72,9.14,5.77,6.44,8.13,6.52,6.72,9.96,9.60,10.00,9.86,8.66,4
,2022,VEN,"Venezuela, RB",3.02,165,4,8.78,10.16,5.77,16.01,0.00,88.34,7.00,34.00,4.00,41.00,5.50,2.47,4.50,161,2.45,1.05,0.89,1.67,1.83,1.63,8.14,0.69,1.00,2.29,159,2.96,35.22,0.00,39.23,0.00,186.54,0.00,0.74,165,8.45,2.33,7.24,13.80,6.08,9.80,7.26,4.38,0.00,2.19,10.00,0.69,0.00,0.11,1.96,0.69,5.03,152,5.00,2.90,5.00,4.30,2.96,1.25,5.66,4.00,,0.00,2.18,2.67,1.28,0.00,1.11,0.00,0.60,1.71,4.98,1.09,2.59,2.54,165
,2022,VNM,Vietnam,6.23,99,3,7.63,14.05,,,6.87,25.97,7.00,35.00,5.00,36.00,6.00,4.61,6.28,106,3.92,4.01,4.98,5.00,5.11,4.23,8.79,5.15,1.00,5.15,78,9.60,1.99,9.57,1.07,8.74,3.16,0.00,6.98,105,9.55,0.68,8.08,9.60,5.24,11.90,7.62,5.40,5.75,5.57,10.00,4.59,0.77,1.83,5.09,3.07,6.57,113,,9.13,10.00,9.57,7.63,4.22,6.53,10.00,2.52,0.00,5.11,5.14,3.98,5.33,3.38,4.54,4.31,4.89,8.21,4.19,5.76,6.20,99
,2022,YEM,"Yemen, Rep.",4.68,156,4,8.79,10.12,9.02,4.10,10.00,7.24,10.00,15.00,8.00,27.00,9.00,4.72,8.31,15,2.96,1.72,2.69,4.17,3.00,1.89,9.05,1.71,0.41,2.40,157,9.91,0.44,0.00,213.65,0.00,29.51,10.00,4.98,149,8.92,1.62,8.48,7.60,7.81,5.47,8.40,5.77,5.60,5.69,0.00,6.69,6.92,1.29,2.53,4.36,4.61,154,,0.00,0.00,0.00,8.20,6.26,7.00,8.00,2.52,10.00,2.48,6.35,2.94,0.00,1.19,6.11,2.56,2.07,,5.00,3.54,3.11,164
,2022,ZAF,"South Africa",6.65,81,2,4.95,23.17,8.59,5.68,5.30,31.46,5.00,45.00,4.00,46.00,4.50,7.50,6.17,115,7.16,5.58,5.08,8.33,5.17,5.45,6.94,2.52,1.00,5.78,59,8.60,7.00,9.62,0.95,7.18,7.04,5.00,7.60,85,8.87,1.69,8.48,7.60,4.98,12.54,7.45,6.47,4.68,5.57,10.00,3.77,0.77,7.97,6.75,4.81,6.96,97,10.00,6.82,10.00,8.94,5.28,6.64,4.11,8.00,8.27,10.00,4.53,6.69,3.36,3.78,7.20,7.57,5.48,5.30,8.39,3.75,5.81,6.73,68
,2022,ZMB,Zambia,6.17,103,3,3.33,28.69,9.27,3.17,7.30,24.46,5.00,38.00,3.00,47.00,4.00,7.71,6.32,102,4.94,4.35,4.31,8.33,6.68,3.00,6.03,3.48,0.94,4.99,83,6.66,16.69,6.90,7.76,5.60,10.99,10.00,7.29,96,9.07,1.39,9.08,4.60,8.45,3.86,8.87,3.04,2.43,2.73,10.00,6.25,8.46,9.37,3.45,6.88,7.12,89,5.00,9.26,9.00,7.75,1.67,0.00,7.49,8.00,0.00,10.00,3.07,4.32,4.22,4.00,6.35,4.51,4.77,2.54,7.85,0.40,3.60,5.11,144
,2022,ZWE,Zimbabwe,3.53,164,4,6.56,17.69,8.50,6.00,4.42,34.52,4.00,41.00,4.00,42.00,4.00,4.65,5.63,137,4.24,2.67,2.30,3.33,4.81,1.59,7.05,2.35,1.00,3.54,135,0.00,211.13,0.00,211.96,0.00,104.71,5.00,1.25,163,9.24,1.14,6.40,18.00,0.71,23.22,5.45,4.29,1.33,2.81,0.00,3.34,0.00,10.00,2.15,3.87,3.03,163,8.00,6.49,0.00,4.83,4.58,4.38,3.55,8.00,6.26,10.00,2.66,5.63,2.41,2.22,2.38,4.89,2.98,2.08,7.99,0.00,3.36,4.20,161
